name	FAME000001	FAME000002	FAME000003	FAME000004	FAME000005	FAME000006	FAME000007	FAME000008	FAME000009	FAME000010	FAME000011	FAME000012	FAME000013	FAME000014	FAME000015	FAME000016	FAME000017	FAME000018	FAME000019	FAME000020	FAME000022	FAME000023
Klebsiella	1956706.0	47139.0	827935.0	34880.0	3586043.0	24509.0	721952.0	1825479.0	13225.0	2520038.0	13729.0	38228.0	2243741.0	1706316.0	36928.0	965882.0	44000.0	1438604.0	33654.0	773041.0	1740978.0	8331.0
Raoultella	453205.0	4613.0	234615.0	1709.0	1144048.0	2038.0	329793.0	652084.0	7496.0	1030503.0	1399.0	7005.0	995616.0	676218.0	2482.0	489042.0	3443.0	970054.0	7659.0	459942.0	1030631.0	1798.0
Citrobacter	1300269.0	87285.0	3279317.0	16083.0	2495567.0	26768.0	635155.0	1918386.0	5075.0	2439328.0	11995.0	14153.0	2308383.0	2683270.0	333796.0	3122865.0	38549.0	2906560.0	29357.0	2959502.0	1937051.0	40505.0
Enterobacter	900152.0	3928066.0	1820982.0	61842.0	3060669.0	9503152.0	577359.0	2040682.0	18756.0	2422450.0	6159970.0	23778.0	2370404.0	2922213.0	47663.0	1953161.0	30539.0	2183949.0	175509.0	1386173.0	1282706.0	57067.0
Leclercia	360884.0	17322.0	1056133.0	6341557.0	367157.0	11858.0	4558882.0	317179.0	6381975.0	458214.0	12276.0	7744.0	523597.0	1214589.0	7628807.0	1001143.0	7014410.0	734868.0	20400.0	576910.0	468559.0	4675821.0
Kluyvera	367003.0	3294.0	1168368.0	1658.0	337545.0	1727.0	109909.0	524172.0	888.0	430391.0	1049.0	786.0	419112.0	1203874.0	4375.0	1327680.0	2745.0	1152804.0	2190.0	1166906.0	899162.0	1782.0
Escherichia	633168.0	118016.0	1835418.0	31085.0	2308950.0	101289.0	167740.0	1178851.0	38939.0	1091911.0	61530.0	20189.0	883491.0	1417398.0	173944.0	1407314.0	57359.0	1215735.0	66951.0	1689919.0	885565.0	42845.0
Phytobacter	72082.0	3073.0	45860.0	13945.0	237006.0	4189.0	45144.0	177418.0	215.0	132495.0	344.0	2807.0	161815.0	156766.0	534.0	147069.0	536.0	151174.0	1134.0	191289.0	62454.0	295.0
Kosakonia	7174.0	410.0	15494.0	101.0	5706.0	99.0	3250.0	11728.0	38.0	17182.0	36.0	2354.0	14832.0	15548.0	806.0	6809.0	39.0	6297.0	132.0	7055.0	4963.0	50.0
Cronobacter	6927.0	102.0	3331.0	19.0	10926.0	34.0	638.0	4451.0	51.0	3053.0	36.0	8.0	3438.0	4348.0	263.0	5595.0	303.0	6238.0	121.0	12158.0	5406.0	895.0
Pseudescherichia	7253.0	112.0	3612.0	86.0	11704.0	24.0	3866.0	15140.0	40.0	11671.0	18.0	17.0	19288.0	16134.0	199.0	29709.0	137.0	24701.0	65.0	71470.0	9619.0	50.0
Salmonella	43360.0	10839.0	40169.0	5487.0	71140.0	8182.0	16944.0	43905.0	131706.0	47677.0	3515.0	5504.0	55814.0	46608.0	11430.0	67570.0	6329.0	55569.0	7169.0	73921.0	45586.0	4059.0
Atlantibacter	4299.0	51.0	7777.0	169.0	1610.0	28.0	1378.0	21175.0	12.0	13457.0	21.0	8.0	14044.0	7502.0	45.0	11007.0	98.0	15726.0	108.0	26403.0	5914.0	48.0
Lelliottia	4875.0	2456.0	3111.0	298.0	7242.0	96.0	12370.0	18104.0	2481.0	10450.0	38.0	301.0	24400.0	32548.0	7149.0	61982.0	10903.0	122082.0	9284525.0	69926.0	34032.0	5324.0
Cedecea	1144.0	285.0	1563.0	8.0	909.0	5.0	81.0	511.0	4.0	391.0	1.0	138.0	559.0	1007.0	397.0	3275.0	56.0	1371.0	398.0	836.0	1262.0	4.0
Shigella	18590.0	2377.0	34522.0	4188.0	19784.0	3762.0	7004.0	20694.0	1733.0	17137.0	1567.0	413.0	13150.0	20861.0	1489.0	23403.0	2484.0	19978.0	700.0	20038.0	21838.0	1261.0
Shimwellia	399.0	141.0	28.0	1.0	39.0	4.0	121.0	215.0	1.0	456.0	2.0	1.0	225.0	50.0	1.0	817.0	6.0	956.0		936.0	87.0	1.0
Pluralibacter	257.0	21.0	251.0	7.0	458.0	8.0	142.0	712.0	4.0	348.0	112.0	1843.0	544.0	517.0	46.0	385.0	5.0	570.0	5.0	345.0	223.0	43.0
Pseudocitrobacter	229.0	8.0	251.0	1.0	568.0	3.0	73.0	941.0	5.0	593.0	4.0		516.0	477.0	4.0	2787.0		1238.0	2.0	574.0	431.0	3.0
Buttiauxella	196.0	3.0	100.0		223.0	4.0	190.0	310.0		291.0	2.0	123.0	315.0	269.0	14.0	590.0	12.0	3685.0	55.0	8520.0	1786.0	9.0
Superficieibacter	157.0	7.0	77.0	3.0	110.0		40.0	278.0	7.0	173.0	2.0		480.0	223.0	6.0	170.0	4.0	401.0	4.0	298.0	180.0	12.0
Symbiopectobacterium	105.0	8.0	25.0		473.0		32.0	83.0		95.0	1.0		70.0	87.0	2.0	124.0		48.0	2.0	241.0	63.0	
Candidatus Hamiltonella	19.0		3.0		25.0		3.0	16.0		9.0			13.0	14.0		15.0		3.0		27.0	16.0	
Candidatus Hoaglandella	2.0	1.0		4.0			11.0		6.0		1.0	1.0	3.0	4.0		4.0		4.0	1.0	5.0		10.0
Yokenella	126.0	6.0	130.0	21.0	105.0	1.0	2591.0	439.0	2.0	400.0		2.0	268.0	282.0	67.0	678.0	2.0	1362.0	5.0	168.0	260.0	5.0
Trabulsiella	94.0	2.0	26.0	1.0	167.0	4.0	31.0	128.0		105.0	1.0	7.0	118.0	152.0	3.0	196.0	1.0	168.0	87.0	298.0	77.0	1.0
Scandinavium	36.0	2.0	62.0		109.0	6.0	18.0	95.0	1.0	72.0	1.0	12.0	102.0	147.0		167.0	3.0	149.0	5.0	186.0	526.0	2.0
Siccibacter	29.0	3.0	38.0	1.0	71.0		10.0	38.0	2.0	49.0	2.0	21.0	59.0	108.0	138.0	339.0	7.0	195.0	3.0	99.0	200.0	1.0
Jejubacter	26.0		163.0	4.0	31.0	2.0	10.0	22.0	2.0	38.0	1.0		53.0	38.0	1.0	46.0		34.0	3.0	41.0	18.0	
Franconibacter	24.0	1.0	57.0	1.0	70.0		5.0	24.0		36.0			36.0	53.0	46.0	80.0		49.0	21.0	47.0	34.0	
Plesiomonas	3.0		32.0		7.0		2.0	10.0		8.0			18.0	13.0		26.0		19.0		74.0	13.0	
Candidatus Profftia	1.0		2.0		3.0	4.0		1.0		2.0	1.0	2.0				4.0		3.0		1.0	1.0	
Serratia	12455.0	227.0	21268.0	107.0	63467.0	103.0	2243.0	7829.0	74.0	11184.0	81.0	5386.0	7752.0	16091.0	818.0	81394.0	206.0	65188.0	999.0	43400.0	40747.0	9587.0
Rahnella	11397.0	7235.0	8313.0	6894.0	10499.0	6949.0	8551.0	11744.0	4110.0	12121.0	5122.0	6051648.0	8172.0	5101.0	219.0	27288.0	67.0	31729.0	67.0	33631.0	33765.0	56.0
Yersinia	1050.0	52.0	1965.0	52.0	1097.0	66.0	602.0	2171.0	44.0	1922.0	59.0	11883.0	1709.0	2156.0	466.0	6225.0	156.0	6564.0	705.0	6630.0	3434.0	41.0
Ewingella	172.0	4.0	11.0	2.0	2032.0	4.0	144.0	764.0		366.0	1.0	11.0	1404.0	1560.0	132.0	1151.0	7.0	2646.0	6.0	5846.0	1752.0	4.0
Rouxiella	50.0	12.0	11.0	36.0	32.0	8.0	13.0	30.0	4.0	14.0	10.0	3721.0	53.0	48.0	1.0	102.0	2.0	63.0	2.0	74.0	74.0	2.0
Chimaeribacter	24.0		62.0		51.0		6.0	44.0		46.0		211.0	40.0	45.0	1.0	130.0		122.0	15.0	86.0	51.0	
Gibbsiella	16.0	1.0	2.0		28.0		3.0	16.0		10.0		217.0	16.0	17.0	3.0	18.0		28.0	1.0	12.0	26.0	
Chania	7.0		6.0		6.0	1.0	7.0	6.0		9.0			21.0	14.0		9.0		8.0		18.0	5.0	
Nissabacter	1.0	1.0	3.0		4.0			3.0		5.0			6.0	8.0		4.0		3.0		7.0	5.0	
Morganella	5048.0	25.0	4900.0	15.0	5459.0	20.0	1236.0	7566.0	16.0	8887.0	20.0	11.0	8227.0	5285.0	45.0	7456.0	28.0	11013.0	164.0	8217.0	6253.0	15.0
Providencia	2402.0	15.0	1276.0	63.0	3378.0	19.0	544.0	2063.0	26.0	3230.0	17.0	21.0	3810.0	2550.0	276.0	2245.0	21.0	4398.0	113.0	3387.0	4094.0	15.0
Proteus	232.0	9.0	87.0	120.0	94.0	1.0	66.0	164.0	3.0	199.0	19.0	8.0	253.0	202.0	79.0	180.0	4.0	204.0	20.0	135.0	218.0	3.0
Xenorhabdus	16.0	2.0	16.0	8.0	23.0	4.0	27.0	24.0	7.0	23.0	1.0	6.0	36.0	22.0	18.0	31.0	10.0	40.0	6.0	22.0	15.0	9.0
Moellerella	18.0		17.0		12.0	1.0	373.0	14.0		15.0			19.0	3.0		21.0		22.0	26.0	8.0	22.0	
Arsenophonus	9.0	1.0	31.0	1.0	28.0	3.0	6.0	25.0	1.0	19.0	1.0	5.0	34.0	23.0	2.0	15.0		24.0	3.0	20.0	30.0	
Photorhabdus	5.0	4.0	3.0	3.0	12.0	1.0	1.0	4.0	1.0	7.0	6.0		11.0	12.0	4.0	26.0	1.0	10.0	1.0	19.0	13.0	3.0
Hafnia	5314.0	37.0	907.0	32.0	5744.0	32.0	1584.0	23858.0	18.0	19226.0	22.0	26.0	6860.0	22043.0	38.0	27830.0	45.0	12879.0	32.0	20322.0	19191.0	42.0
Obesumbacterium	447.0	113.0	91.0	87.0	740.0	89.0	149.0	538.0	47.0	636.0	66.0	79030.0	169.0	181.0	2.0	508.0	1.0	2984.0	1.0	365.0	782.0	2.0
Edwardsiella	239.0	91.0	291.0	2.0	283.0	6.0	102.0	394.0	2779.0	389.0	5.0	1.0	440.0	398.0	4.0	589.0	3.0	535.0	802.0	566.0	298.0	3.0
Pantoea	1155.0	93.0	1711.0	1633.0	1808.0	289.0	817.0	1344.0	338.0	1633.0	36.0	6847.0	1722.0	1728.0	2299.0	1933.0	48.0	1853.0	1499.0	2882.0	1557.0	158.0
Erwinia	580.0	44.0	12778.0	16.0	1593.0	16.0	588.0	914.0	24.0	1464.0	19.0	1262.0	847.0	1825.0	46.0	3306.0	17.0	5624.0	102.0	6451.0	8471.0	10.0
Mixta	81.0	1.0	57.0		73.0		138.0	86.0		86.0			159.0	81.0	2.0	112.0	1.0	79.0	1.0	139.0	60.0	
Duffyella	40.0		17.0	1.0	22.0	1.0	10.0	20.0		30.0		27.0	14.0	39.0	1.0	135.0	1.0	74.0	2.0	21.0	20.0	
Tatumella	21.0	1.0	53.0		65.0		6.0	18.0	1.0	11.0	3.0	30.0	28.0	18.0	1.0	35.0		28.0	1.0	12.0	24.0	
Izhakiella	41.0		8.0		40.0		11.0	16.0		34.0			15.0	19.0		41.0		23.0		20.0	22.0	
Winslowiella	9.0	286.0	12.0		19.0		3.0	12.0		25.0			11.0	20.0		13.0		33.0	31.0	48.0	13.0	1.0
Buchnera	3.0		1.0							1.0	1.0			1.0		1.0				1.0	1.0	
Pectobacterium	690.0	2358.0	1569.0	963.0	797.0	5.0	373.0	717.0	10.0	1315.0	13.0	2070.0	849.0	862.0	74.0	1320.0	1109.0	1742.0	5000.0	1175.0	1009.0	25.0
Dickeya	546.0	28.0	1335.0	4.0	619.0	7.0	142.0	498.0	3.0	431.0	6.0	1670.0	558.0	622.0		672.0	332.0	740.0	310.0	771.0	417.0	7.0
Brenneria	56.0		70.0		67.0	1.0	38.0	44.0		82.0		214.0	112.0	77.0		118.0		107.0		194.0	59.0	
Prodigiosinella	100.0	102.0	179.0	23.0	73.0	26.0	192.0	88.0	11.0	115.0	14.0	15721.0	61.0	74.0		115.0	1.0	93.0	4.0	129.0	134.0	
Lonsdalea	5.0		13.0		30.0	1.0	4.0	10.0		5.0			16.0	10.0		21.0		15.0		30.0	11.0	
Musicola	3.0				17.0					2.0	1.0		1.0	1.0		3.0		2.0		3.0	1.0	
Sodalis	14.0		14.0	1.0	27.0	4.0	12.0	20.0	2.0	36.0	2.0	323.0	18.0	20.0	1.0	44.0	1.0	89.0		26.0	66.0	
Limnobaculum	7.0		12.0		13.0		1.0	3.0		4.0			2.0	7.0		12.0		8.0	4.0	8.0	16.0	
Leminorella	5.0		5.0		3.0	2.0	2.0	2.0		4.0	1.0		4.0	3.0	2.0	6.0		7.0		3.0	4.0	2.0
Gallaecimonas	3.0		1.0		1.0					4.0			4.0	4.0		5.0		1.0		4.0	1.0	
Aeromonas	1548979.0	4108.0	61799.0	4128.0	1023034.0	4188.0	596677.0	1650666.0	2821.0	1723247.0	2435.0	1772.0	2167113.0	1894223.0	8695.0	3091556.0	7305.0	3330285.0	5492.0	3166600.0	2809759.0	4975.0
Tolumonas	22677.0	73.0	681.0	72.0	9830.0	57.0	13390.0	47915.0	26.0	35121.0	40.0	28.0	46865.0	34651.0	86.0	42514.0	85.0	39058.0	67.0	25883.0	16692.0	68.0
Oceanisphaera	25.0		1.0		7.0		1.0	2.0		7.0			4.0	5.0		8.0	1.0	5.0		6.0	12.0	
Oceanimonas	3.0		2.0		12.0		4.0	12.0		8.0			19.0	6.0		17.0		19.0		37.0	15.0	
Zobellella	1.0				4.0		2.0	9.0		5.0			10.0	9.0		21.0		20.0		18.0	7.0	
Acinetobacter	218233.0	1103.0	18521.0	719.0	226916.0	831.0	95246.0	609766.0	519.0	636085.0	660.0	415.0	960045.0	620686.0	1147.0	46414.0	1118.0	184502.0	747.0	42930.0	561459.0	837.0
Moraxella	778.0	1.0	11.0	2.0	75.0	13.0	65.0	127.0	26.0	195.0		3.0	221.0	284.0	1.0	165.0	9.0	81.0	7.0	249.0	407.0	18.0
Psychrobacter	7.0				3.0		2.0	16.0	1.0	13.0			14.0	9.0		2.0		5.0		7.0	12.0	
Pseudomonas	43982.0	479.0	11103.0	394.0	120004.0	329.0	86398.0	30944.0	243.0	425961.0	312.0	285.0	736220.0	231476.0	2607.0	44269.0	790.0	95093.0	522.0	27531.0	282382.0	501.0
Stutzerimonas	142.0		12.0	1.0	109.0	3.0	99.0	122.0	5.0	250.0		2.0	345.0	156.0	1.0	151.0	2.0	205.0		134.0	184.0	
Halopseudomonas	37.0				21.0	1.0	20.0	25.0		45.0			140.0	31.0		23.0		54.0		28.0	53.0	1.0
Denitrificimonas	17.0				9.0		1.0	12.0		21.0		1.0	25.0	11.0		5.0		14.0		13.0	39.0	
Azotobacter	7.0		1.0		8.0		13.0	4.0		27.0			32.0	17.0		5.0		15.0		11.0	19.0	
Entomomonas	1.0									2.0												
Marinobacter	11.0		3.0		11.0		3.0	17.0		17.0			30.0	10.0		19.0		20.0		20.0	16.0	
Ketobacter	1.0																					
Shewanella	4652.0	16.0	99.0	15.0	3741.0	49.0	2677.0	6082.0	6.0	8076.0	12.0	9.0	19228.0	4777.0	33.0	8847.0	36.0	13653.0	16.0	5480.0	11783.0	11.0
Alteromonas	117.0		8.0		48.0	1.0	14.0	44.0		46.0			47.0	21.0		23.0		38.0		35.0	54.0	
Agarivorans	1.0				1.0		2.0			2.0				4.0		1.0		1.0		1.0	1.0	
Pseudoalteromonas	81.0	5.0	39.0	3.0	17.0	1.0	4213.0	33.0	3.0	22.0	5.0	3.0	46.0	49.0		57.0		40.0	4.0	59.0	23.0	
Idiomarina	18.0		1.0		11.0		5.0	15.0		13.0			16.0	8.0		18.0		23.0		15.0	12.0	
Colwellia	1.0				2.0					2.0			1.0	2.0		2.0				2.0		
Ferrimonas	1.0				3.0			2.0		3.0			5.0	5.0		5.0		6.0		8.0	3.0	
Vibrio	2594.0	7.0	435.0	19.0	865.0	227.0	371.0	1235.0	13.0	1101.0	121.0	29.0	1120.0	914.0	38.0	911.0	17.0	1040.0	41.0	949.0	1223.0	7.0
Photobacterium	7.0		2.0	5.0	13.0	1.0	4.0	10.0	6.0	17.0			17.0	14.0	4.0	27.0	7.0	20.0	1.0	27.0	26.0	8.0
Salinivibrio	3.0		1.0		29.0		3.0	3.0		8.0			12.0	7.0		7.0		7.0		10.0	4.0	
Thaumasiovibrio	3.0				1.0			1.0		2.0			6.0			5.0		1.0				
Grimontia	1.0				5.0		1.0	2.0		4.0			5.0	2.0		5.0		1.0		2.0	4.0	
Aliivibrio	1.0							1.0					1.0	2.0		2.0			102.0	3.0	2.0	
Stenotrophomonas	188.0	3.0	32.0	3.0	256.0	5.0	474.0	248.0	1.0	1123.0	1.0	2.0	2668.0	342.0	7.0	335.0	5.0	523.0	7.0	333.0	921.0	
Xanthomonas	40.0		33.0		49.0	3.0	16.0	76.0	1.0	155.0		1.0	146.0	87.0	2.0	93.0	5.0	118.0	2.0	94.0	126.0	1.0
Pseudoxanthomonas	4.0				9.0		3.0	5.0		18.0			15.0	11.0	3.0	6.0		8.0		8.0	10.0	
Lysobacter	1.0		1.0		10.0		3.0	4.0		6.0			5.0	3.0		8.0		15.0	3.0	11.0	20.0	
Xylella	1.0				3.0		3.0	2.0		5.0			2.0	2.0		6.0				1.0	2.0	
Rheinheimera	201.0		5.0		44.0		9.0	17.0		43.0			61.0	8.0		5.0		16.0	1.0	12.0	40.0	1.0
Acidihalobacter	3.0			1.0	5.0		1.0	5.0		5.0			7.0	9.0		9.0		6.0		3.0	5.0	
Thioalkalivibrio	1.0				1.0		1.0			1.0			2.0							1.0	1.0	
Halothiobacillus	4.0		2.0		7.0		7.0	11.0		27.0			21.0	14.0		24.0		48.0		43.0	44.0	
Guyparkeria	1.0																					
Marinomonas	20.0		1.0		14.0		3.0	12.0		12.0			12.0	5.0		5.0		9.0		6.0	15.0	
Thalassolituus	4.0			1.0	3.0		10.0	22.0		13.0			29.0	10.0		15.0		15.0		15.0	19.0	
Marinobacterium	3.0	1.0			1.0		1.0	6.0		6.0			5.0	7.0		19.0		40.0		18.0	15.0	
Bacterioplanes	2.0							1.0								1.0		1.0		1.0	3.0	
Nitrincola	1.0							4.0					2.0	3.0				2.0				
Halomonas	25.0		5.0		19.0	2.0	15.0	43.0	2.0	53.0	2.0		72.0	43.0	3.0	41.0	2.0	56.0	1.0	46.0	44.0	3.0
Cobetia	2.0		1.0				1.0			3.0				1.0		1.0		2.0				
Chromohalobacter	1.0				1.0			1.0													2.0	
Isoalcanivorax	3.0			1.0	2.0		1.0	1.0		3.0			9.0	8.0		1.0		12.0		9.0	7.0	
Alcanivorax	2.0				4.0		3.0	4.0		5.0			14.0	9.0		9.0		22.0		5.0	2.0	
Saccharospirillum	3.0				1.0		1.0	3.0		1.0			2.0	1.0		1.0		6.0			9.0	
Hahella	2.0				1.0			3.0		1.0			4.0	3.0		2.0		8.0		3.0	5.0	
Endozoicomonas	1.0				2.0		2.0			3.0			3.0			1.0		2.0			1.0	
Methylovulum	24.0		2.0		33.0		7.0	47.0		71.0			102.0	47.0		7.0		19.0		7.0	18.0	
Methylomonas	5.0		1.0		3.0		4.0	2.0		7.0			10.0	2.0		5.0		5.0		8.0	2.0	
Methylocaldum	3.0						3.0	2.0		4.0			5.0	2.0		4.0		7.0		1.0	4.0	
Aequoribacter	14.0				7.0			3.0		4.0			2.0			5.0		1.0				
Microbulbifer	2.0				4.0		3.0	6.0		2.0			11.0	3.0		17.0		11.0	2.0	13.0	9.0	1.0
Teredinibacter	1.0						1.0	1.0		3.0			4.0	3.0		3.0		9.0		6.0	12.0	
Haemophilus	6.0	3.0	4.0	142.0	579.0	13.0	5.0	6.0	7.0	7.0	634.0	20.0	15.0	5.0	2.0	93.0	542.0	18.0	4.0	7.0	11.0	519.0
Aggregatibacter	3.0	1.0		1.0	4.0			5.0		1.0	1.0		2.0			4.0	2.0	2.0		5.0	3.0	2.0
Glaesserella	4.0							1.0		1.0			3.0	3.0								
Cycloclasticus	2.0				1.0		1.0			3.0				3.0		2.0				2.0	1.0	
Methylophaga	2.0	1.0			2.0		5.0	6.0		10.0			10.0	10.0		6.0		12.0		5.0	6.0	
Cysteiniphilum	1.0																			2.0		
Dichelobacter	2.0							1.0		2.0			3.0	4.0				2.0		1.0		
Ignatzschineria	2.0				3.0			6.0		5.0			9.0	2.0		11.0		16.0		16.0	10.0	
Sinimarinibacterium	4.0		1.0		37.0		66.0	57.0	1.0	152.0			156.0	87.0	1.0	100.0		169.0		115.0	101.0	
Legionella	1.0				1.0								1.0					1.0		1.0	1.0	
Rickettsiella	1.0																	7.0			5.0	
Celerinatantimonas	2.0				1.0		2.0	6.0		1.0			4.0	1.0				2.0		1.0	1.0	
Frischella	1.0																					
Steroidobacter	1.0				1.0		1.0	5.0	1.0	1.0			4.0	2.0	1.0	3.0	1.0	2.0		2.0	4.0	
Comamonas	24724.0	260.0	4077.0	181.0	60327.0	586.0	46304.0	26174.0	288.0	124933.0	126.0	118.0	344913.0	175443.0	665.0	19277.0	528.0	41653.0	614.0	16303.0	113131.0	312.0
Acidovorax	6095.0	7.0	216.0	29.0	2855.0	90.0	1949.0	3872.0	48.0	5785.0	4.0		5903.0	2092.0	41.0	6525.0	39.0	4889.0	65.0	4255.0	3267.0	11.0
Delftia	1096.0	39.0	15.0	5.0	866.0	20.0	991.0	473.0	7.0	1952.0	3.0	1.0	5213.0	961.0	13.0	447.0	11.0	568.0	5.0	475.0	1615.0	2.0
Diaphorobacter	358.0		38.0	3.0	302.0	4.0	325.0	446.0	2.0	616.0	12.0	3.0	1238.0	462.0	5.0	619.0	2.0	784.0		581.0	636.0	
Hydrogenophaga	18.0		6.0		115.0	3.0	18.0	59.0		54.0			220.0	80.0	1.0	107.0	1.0	95.0		142.0	61.0	
Melaminivora	17.0		1.0		18.0		10.0	25.0		33.0			81.0	23.0	1.0	24.0		29.0		31.0	41.0	
Alicycliphilus	53.0		1.0		21.0		39.0	44.0		131.0			178.0	34.0		56.0		85.0		64.0	50.0	
Polaromonas	12.0		1.0		8.0		3.0	13.0		20.0			24.0	20.0		10.0		6.0		3.0	11.0	
Variovorax	12.0		2.0		16.0	1.0	12.0	17.0	1.0	47.0			82.0	39.0		16.0	1.0	21.0	2.0	15.0	36.0	2.0
Paracidovorax	27.0				25.0		13.0	20.0		61.0			108.0	20.0		28.0		35.0		20.0	60.0	
Curvibacter	10.0		2.0		2.0					3.0			6.0	3.0		1.0		1.0			2.0	
Ottowia	7.0		1.0	1.0	8.0		20.0	17.0		29.0	1.0		58.0	10.0		27.0	1.0	31.0		24.0	25.0	
Paenacidovorax	7.0				5.0	6.0	4.0	1.0		9.0			19.0	3.0		2.0		4.0		1.0	4.0	
Simplicispira	4.0		1.0				2.0	3.0		2.0			5.0	7.0	1.0	2.0		2.0				
Limnohabitans	3.0				5.0		3.0	1.0		8.0			21.0	7.0		6.0		3.0		2.0	3.0	
Rhodoferax	3.0				24.0		67.0	12.0	2.0	36.0			48.0	25.0	1.0	11.0		10.0		11.0	28.0	1.0
Verminephrobacter	1.0				3.0		1.0	4.0		5.0			14.0	4.0				3.0		3.0	7.0	
Serpentinimonas	1.0				2.0		1.0	1.0		4.0			6.0	2.0	1.0	3.0				6.0	9.0	1.0
Pulveribacter	1.0				4.0		2.0	2.0		6.0			9.0	3.0		1.0		2.0			5.0	
Cupriavidus	76.0	3.0	28.0		52.0		39.0	48.0		114.0	2.0		180.0	99.0	3.0	86.0	5.0	70.0		41.0	80.0	1.0
Burkholderia	49.0	1.0	18.0		98.0	9.0	36.0	77.0	6.0	113.0	1.0	1.0	186.0	92.0	17.0	151.0	2.0	103.0	18.0	77.0	93.0	10.0
Ralstonia	22.0		18.0	3.0	31.0	5.0	7.0	18.0	4.0	41.0	3.0		124.0	29.0	1.0	23.0	1.0	28.0		26.0	77.0	3.0
Paraburkholderia	20.0	2.0	15.0	11.0	10.0	10.0	16.0	4.0	3.0	4.0	7.0	102.0	11.0	7.0	17.0	16.0	11.0	15.0	10.0	4.0	17.0	7.0
Pandoraea	17.0		1.0		13.0		6.0	5.0		29.0			93.0	21.0		15.0		19.0	1.0	10.0	34.0	
Polynucleobacter	3.0				1.0		2.0	2.0		4.0			1.0	1.0							1.0	
Caballeronia	2.0		1.0	1.0				3.0	1.0	5.0	3.0		4.0	5.0		16.0				4.0	3.0	
Trinickia	1.0						1.0						5.0	2.0				1.0				
Alcaligenes	69.0		2.0		60.0	3.0	25.0	53.0		145.0		1.0	134.0	84.0		69.0		99.0		84.0	120.0	
Bordetella	46.0		1.0		17.0		12.0	23.0	2.0	35.0			56.0	15.0		24.0		16.0		25.0	34.0	1.0
Achromobacter	24.0		5.0		40.0	2.0	38.0	47.0	1.0	96.0	1.0	1.0	239.0	74.0	3.0	44.0		62.0	1.0	24.0	107.0	4.0
Castellaniella	4.0				1.0			1.0		1.0			1.0			4.0		1.0		1.0		
Kerstersia	4.0				4.0			2.0		10.0			11.0	2.0		6.0		4.0		6.0	5.0	
Paenalcaligenes	2.0							1.0		2.0												
Neopusillimonas	1.0				2.0					2.0			4.0			1.0					3.0	
Orrella	1.0				3.0			1.0		1.0										1.0		
Advenella	1.0		1.0		1.0			2.0		5.0			3.0			1.0		3.0		4.0	4.0	
Oligella	1.0							3.0		2.0			1.0	1.0				2.0		1.0		
Janthinobacterium	29.0	1.0	8.0		31.0	1.0	11.0	7.0	1.0	59.0	1.0	1.0	65.0	16.0	1.0	139.0	4.0	412.0		34.0	351.0	
Herbaspirillum	9.0	1.0			2.0		52.0	2.0		11.0			39.0	9.0		7.0	1.0	11.0		2.0	23.0	
Massilia	4.0	10.0	3.0	8.0	14.0	4.0	5.0	10.0	2.0	10.0			24.0	19.0	13.0	25.0		13.0	10.0	2.0	32.0	
Pseudoduganella	3.0						2.0						4.0	1.0					1.0		1.0	
Collimonas	1.0						1.0	1.0		3.0			3.0			4.0		7.0		1.0	1.0	
Sphaerotilus	12.0		8.0		6.0		23.0	9.0		4.0			24.0	2.0		1.0		43.0		6.0	2.0	
Roseateles	8.0		1.0	1.0	14.0	1.0	7.0	9.0		20.0			53.0	18.0	1.0	17.0		14.0		15.0	23.0	
Ideonella	9.0		1.0		12.0		5.0	22.0		26.0			49.0	24.0		37.0		27.0		44.0	27.0	
Rubrivivax	1.0																1.0	1.0			1.0	
Piscinibacter	1.0				1.0	1.0	1.0	1.0	1.0	2.0			2.0	1.0	1.0	1.0			1.0		1.0	
Aquabacterium	8.0		1.0		1.0		2.0	1.0		7.0			9.0	1.0				6.0		1.0	2.0	
Thiomonas	2.0		1.0		3.0		3.0	5.0		5.0			7.0	11.0		4.0		29.0	1.0	3.0	5.0	
Sutterella	5.0		1.0		2.0		7.0	7.0		4.0			7.0	3.0		3.0		3.0		1.0	19.0	
Uruburuella	1788.0	2.0	219.0	3.0	698.0	1.0	691.0	1054.0	1.0	1820.0	3.0	1.0	5589.0	1141.0	9.0	2686.0	4.0	4282.0	5.0	4204.0	1678.0	5.0
Neisseria	17.0	2.0	2.0	66.0	20.0	11.0	17.0	25.0		22.0	173.0	1.0	76.0	77.0		98.0	7.0	65.0		61.0	38.0	146.0
Vitreoscilla	16.0		1.0		19.0		18.0	22.0		57.0			90.0	26.0		17.0		51.0		52.0	35.0	
Paralysiella	12.0				10.0		5.0	12.0		14.0			51.0	8.0		40.0		35.0		27.0	20.0	
Kingella	1.0			4.0	1.0		2.0	5.0	1.0	5.0	1.0		19.0	11.0		9.0	3.0	8.0		11.0	10.0	
Alysiella	1.0						1.0									1.0						
Aquella	1.0																				1.0	
Microvirgula	833.0	6.0	28.0	3.0	2849.0	4.0	993.0	1291.0	1.0	2882.0	5.0	3.0	4117.0	2260.0	8.0	4114.0	12.0	2148.0	2.0	1740.0	807.0	4.0
Laribacter	328.0	2.0	17.0	1.0	191.0	2.0	185.0	540.0		799.0	1.0		842.0	532.0	6.0	590.0	1.0	595.0	3.0	282.0	320.0	1.0
Aquaspirillum	90.0		13.0		115.0	1.0	47.0	116.0		198.0			249.0	158.0		180.0		203.0	1.0	137.0	195.0	
Aquitalea	368.0	1.0		1.0	49.0	4.0	356.0	197.0		540.0	1.0		1467.0	818.0	1.0	296.0	4.0	523.0	1.0	261.0	400.0	1.0
Vogesella	84.0	1.0	1.0		70.0		318.0	38.0		265.0			892.0	168.0	2.0	36.0	1.0	163.0		70.0	252.0	1.0
Chromobacterium	50.0				33.0		127.0	54.0		296.0	1.0		210.0	123.0		560.0	1.0	339.0	1.0	163.0	35.0	
Paludibacterium	2.0				2.0			1.0		1.0			5.0	1.0		2.0		3.0		1.0		
Pseudogulbenkiania	2.0				1.0			3.0		1.0			12.0	3.0		1.0		2.0		3.0	5.0	
Chitiniphilus	3.0				2.0		1.0	4.0		1.0			2.0	7.0		3.0		4.0		5.0	7.0	
Jeongeupia	2.0		1.0				1.0			2.0			3.0	1.0		1.0		1.0		3.0	1.0	
Chitinibacter	1.0				2.0		1.0			3.0			10.0	1.0		1.0		5.0		4.0	8.0	
Chitinolyticbacter	1.0				1.0								1.0							1.0	1.0	
Thauera	61.0	1.0	10.0	1.0	103.0	3.0	72.0	138.0		173.0		1.0	225.0	159.0	5.0	266.0		199.0	3.0	104.0	128.0	
Azoarcus	6.0				5.0		1.0	7.0		6.0			18.0	10.0		6.0		10.0		6.0	4.0	
Pseudazoarcus	2.0		1.0		1.0											11.0		6.0		8.0	23.0	
Pseudothauera	2.0				1.0		2.0	5.0		6.0			3.0	4.0		5.0		4.0		4.0	3.0	
Azospira	57.0		1.0	1.0	27.0	1.0	125.0	138.0		158.0			454.0	202.0		134.0	1.0	138.0	1.0	82.0	72.0	
Aromatoleum	4.0		2.0		5.0		3.0	10.0		13.0			20.0	10.0		10.0		14.0		12.0	16.0	
Niveibacterium	3.0				2.0		1.0	2.0		2.0			3.0	4.0		2.0		3.0		3.0	2.0	
Oryzomicrobium	1.0						3.0	1.0					3.0	7.0		3.0		1.0		1.0	3.0	
Dechloromonas	15.0		1.0		10.0		10.0	30.0		30.0			60.0	22.0		19.0		20.0		28.0	21.0	
Quatrionicoccus	23.0				11.0		9.0	37.0		20.0			34.0	24.0		6.0		6.0		3.0	5.0	
Ferribacterium	10.0				13.0		11.0	31.0		28.0			35.0	19.0		48.0		44.0		23.0	35.0	
Sterolibacterium	5.0		52.0		8.0		7.0	16.0		14.0			26.0	32.0		38.0		31.0	2.0	7.0	16.0	
Sulfuricystis	3.0			1.0	2.0		3.0	12.0		8.0			6.0	3.0		4.0	1.0	5.0			3.0	
Denitratisoma	2.0		1.0				1.0	6.0		7.0			2.0	2.0		3.0		5.0		5.0	6.0	
Rugosibacter	1.0				1.0		1.0						2.0			1.0		3.0	7.0		2.0	
Sulfuriferula	12.0				4.0		6.0	8.0		9.0			20.0	7.0		11.0		22.0		25.0	9.0	
Thiobacillus	5.0		4.0		1.0		5.0	2.0		10.0			20.0	2.0		2.0		10.0			6.0	
Sulfuritortus	1.0				1.0					4.0			4.0	1.0		3.0		2.0				
Nitrosomonas	6.0				4.0			4.0		3.0			6.0	7.0		6.0		6.0	1.0	4.0	3.0	
Methylophilus	1.0															1.0						
Ferrovum	2.0				2.0		1.0	3.0		2.0				1.0				3.0		6.0	1.0	
Casimicrobium	1.0				1.0									1.0						2.0	1.0	
Bradyrhizobium	44.0	77.0	96.0	106.0	99.0	119.0	170.0	173.0	72.0	135.0	53.0	65.0	103.0	47.0	121.0	73.0	58.0	62.0	55.0	27.0	32.0	35.0
Rhodopseudomonas	10.0		11.0	1.0	12.0		2.0	5.0	7.0	12.0			7.0	21.0	10.0	34.0	7.0	9.0	13.0	10.0		
Agrobacterium	15.0				9.0	2.0	9.0	6.0	56.0	77.0			14.0	8.0	127.0	4.0	53.0	19.0	1.0	38.0	7.0	
Rhizobium	1.0	1.0	4.0		10.0	2.0	12.0	12.0	5.0	10.0			31.0	9.0	1.0	10.0		12.0	1.0	3.0	31.0	
Pararhizobium	1.0									1.0	3.0										1.0	
Shinella	35.0		31.0		45.0	3.0	73.0	37.0		89.0			182.0	145.0		207.0		128.0		139.0	119.0	
Ensifer	1.0							1.0					1.0							1.0		
Brucella	59.0	1.0	22.0		97.0	76.0	55.0	56.0		56.0			217.0	43.0		85.0		196.0		90.0	109.0	
Pseudochrobactrum	8.0							1.0		6.0			3.0			3.0		2.0		3.0	1.0	
Methylobacterium	5.0	27.0	32.0	32.0	11.0	49.0	20.0	3.0	14.0	2.0	17.0	17.0	6.0	23.0	75.0	9.0	14.0	5.0	18.0	9.0	3.0	15.0
Microvirga	2.0	757.0	35.0	21.0	6.0	4.0	10.0	8.0	26.0	4.0	9.0	7.0	4.0	16.0	88.0	10.0	4.0	15.0	8.0	11.0	2.0	2.0
Xanthobacter	5.0				2.0		3.0		14.0	5.0	2.0		2.0			8.0		4.0				2.0
Ancylobacter	1.0						1.0								1.0			5.0				
Bartonella	3.0	1.0		6.0	1.0	3.0		1.0		1.0	3704.0			3.0		2.0			3.0	1.0	2.0	2021.0
Bosea	3.0	1.0	1.0		4.0	1.0	2.0	4.0	8.0	11.0	1.0		7.0		5.0	4.0	4.0	8.0		8.0	1.0	1.0
Aminobacter	27.0		15.0		15.0		20.0	14.0					48.0	35.0		13.0		9.0		16.0	2.0	
Mesorhizobium	1.0	4.0	14.0	2.0	5.0	4.0	4.0	4.0	7.0	8.0	3.0	6.0	17.0	1.0	14.0	8.0	1.0	3.0	12.0	3.0	6.0	3.0
Devosia	2.0		1.0		4.0			1.0		1.0						2.0			4.0	1.0		
Parvibaculum	2.0		9.0		4.0		12.0	12.0		34.0			28.0	22.0		20.0		5.0		12.0	12.0	
Cohaesibacter	1.0		1.0		1.0			1.0		1.0				2.0	3.0	2.0		4.0		5.0		
Rhodoplanes	1.0		3.0	3.0		1.0		1.0	2.0				1.0		3.0	1.0	2.0	1.0			1.0	1.0
Sphingobium	69.0		42.0		61.0	32.0	6.0	53.0	2.0	46.0	15.0	35.0	64.0	49.0		62.0	26.0	60.0	31.0	58.0	49.0	24.0
Sphingomonas	10.0	31.0	27.0	43.0	16.0	10.0	48.0	7.0	13.0	9.0	10.0	16.0	9.0	5.0	84.0	9.0	5.0	16.0	19.0	14.0	3.0	13.0
Sphingopyxis	8.0		15.0	1.0	45.0		18.0	9.0	10.0	37.0	3.0	1.0	13.0	24.0	2.0	20.0	2.0	30.0	7.0	9.0	22.0	
Novosphingobium	2.0				16.0			1.0	15.0	2.0		1.0	3.0		1.0	4.0		2.0			1.0	
Caenibius	1.0						15.0											3.0			1.0	
Brevundimonas	31.0	9.0	1.0		37.0	7.0	53.0	50.0		102.0	1.0	9.0	164.0	32.0	20.0	96.0	7.0	127.0	6.0	44.0	138.0	4.0
Caulobacter	3.0		5.0	16.0	8.0	1.0	2.0	4.0	9.0	2.0		12.0	5.0	1.0	6.0	3.0	3.0	3.0	2.0		3.0	
Asticcacaulis	2.0											1.0										
Phenylobacterium	1.0	3.0	3.0				3.0	3.0		1.0			14.0		21.0	4.0		5.0	1.0	1.0	1.0	
Pseudoroseomonas	6.0		6.0																			
Acidiphilium	2.0						2.0	13.0		10.0			3.0	5.0		15.0		7.0	1.0	8.0	26.0	
Acetobacter	2.0						1.0			1.0				1.0		8.0	1.0	3.0				
Roseomonas	1.0	1.0	1.0				2.0						5.0	2.0	39.0	1.0	27.0	1.0	1.0	1.0	1.0	
Azospirillum	6.0		2.0	4.0	10.0	41.0	6.0	5.0	5.0	3.0	2.0	5.0	20.0	5.0	16.0	3.0	8.0	1.0	9.0	3.0	11.0	7.0
Thalassospira	1.0						1.0	1.0		3.0			1.0	1.0		3.0		7.0		3.0	1.0	
Paracoccus	5.0		41.0	1.0	27.0		16.0	19.0	58.0	19.0			51.0	44.0	6.0	56.0		55.0	22.0	44.0	31.0	1.0
Rhodobacter	7.0							1.0						3.0				9.0				
Sulfitobacter	5.0		1.0										2.0							1.0		
Antarctobacter	1.0												1.0									
Acidithiobacillus	1.0					1.0	1.0	3.0		18.0			4.0		1.0	14.0		7.0		6.0	16.0	
Lactococcus	1827476.0	3659.0	203039.0	2757.0	1703235.0	2900.0	239405.0	849755.0	2098.0	955565.0	2433.0	1662.0	1230076.0	1317804.0	2421.0	257589.0	3074.0	378726.0	1631.0	767601.0	656053.0	1578.0
Streptococcus	10368.0	1422.0	2834.0	1440.0	14840.0	2645.0	2580.0	9205.0	6000.0	14435.0	1856.0	642.0	14336.0	13997.0	2258.0	6260.0	5514.0	7518.0	72.0	7198.0	11684.0	1489.0
Enterococcus	19474.0	17.0	396.0	9.0	6461.0	44.0	409.0	1381.0	10.0	1738.0	11.0	13.0	2151.0	1975.0	12.0	673.0	5.0	641.0	2.0	1439.0	1319.0	2.0
Vagococcus	646.0	1.0	9.0		250.0		34.0	107.0		203.0			241.0	75.0		33.0		32.0		60.0	86.0	
Tetragenococcus	40.0		2.0		58.0		3.0	12.0		10.0			22.0	9.0		12.0		3.0		9.0	10.0	
Leuconostoc	1447.0		54.0		927.0		87.0	261.0		397.0	1.0		344.0	302.0	1.0	148.0		198.0		426.0	288.0	1.0
Lactiplantibacillus	1104.0	2.0	66.0	2.0	795.0	1.0	101.0	317.0		437.0	1.0		485.0	469.0		163.0	2.0	160.0		421.0	256.0	
Latilactobacillus	688.0	1.0	27.0	1.0	417.0		26.0	66.0	1.0	92.0			77.0	100.0		16.0		26.0		76.0	52.0	
Lacticaseibacillus	239.0		14.0		172.0		45.0	88.0		145.0		1.0	147.0	167.0	1.0	37.0	1.0	60.0		85.0	78.0	
Lactobacillus	199.0		10.0		119.0	77.0	29.0	57.0		97.0			106.0	140.0		45.0	1.0	216.0		95.0	94.0	1.0
Weissella	124.0		1.0		132.0		23.0	53.0		92.0			103.0	81.0	1.0	57.0		19.0		113.0	50.0	1.0
Ligilactobacillus	120.0		2.0		106.0		24.0	129.0	18.0	122.0	1.0	1.0	150.0	111.0		49.0	1.0	34.0		62.0	92.0	1.0
Pediococcus	638.0		64.0		1354.0		51.0	127.0		99.0			55.0	47.0		16.0		111.0		318.0	515.0	
Limosilactobacillus	210.0			1.0	210.0	15.0	16.0	51.0	1.0	128.0			161.0	127.0		37.0	1.0	81.0		63.0	44.0	
Loigolactobacillus	48.0		1.0		18.0		9.0	39.0		67.0			36.0	78.0		17.0		5.0		16.0	3.0	
Liquorilactobacillus	18.0		2.0		28.0		4.0	5.0		6.0		1.0	12.0	15.0		2.0				8.0	5.0	
Levilactobacillus	20.0				8.0		1.0	4.0		7.0			27.0	11.0		1.0		3.0		12.0	13.0	
Lentilactobacillus	14.0				11.0		1.0	3.0					9.0			1.0		1.0		9.0	2.0	
Companilactobacillus	10.0				12.0		2.0	2.0		1.0			4.0	3.0		1.0				3.0	2.0	
Amylolactobacillus	7.0				19.0			11.0		10.0	1.0		10.0	13.0		1.0		1.0		2.0		
Paucilactobacillus	7.0				12.0		1.0	8.0		12.0			16.0	13.0		4.0				5.0	4.0	
Secundilactobacillus	2.0				1.0									1.0								
Lapidilactobacillus	1.0				2.0																	
Trichococcus	334.0		10.0	1.0	130.0	1.0	58.0	238.0	2.0	349.0			273.0	169.0	2.0	372.0	4.0	356.0	1.0	606.0	1074.0	
Carnobacterium	165.0		5.0		98.0		7.0	18.0		14.0			37.0	16.0		3.0		13.0		18.0	21.0	
Granulicatella	113.0	51.0	63.0	64.0	111.0	102.0	2.0	33.0		181.0	126.0	54.0	72.0	25.0	77.0	32.0	118.0	83.0	1.0	20.0	154.0	86.0
Jeotgalibaca	25.0		2.0		32.0		8.0	25.0		33.0			56.0	43.0		17.0		21.0		21.0	41.0	
Dolosigranulum	7.0				3.0	1.0		4.0		2.0	1.0		2.0	3.0			4.0			4.0	1.0	
Abiotrophia	32.0	2.0	1.0	57.0	4.0	2.0	2.0	12.0	12.0	251.0	6.0	12.0	35.0	2.0		44.0	3.0		1.0	10.0	231.0	2.0
Aerococcus	31.0		1.0		34.0		2.0	2.0		10.0			13.0	11.0		7.0		30.0		9.0	10.0	
Ignavigranum	1.0				1.0																	
Fundicoccus	1.0				2.0		1.0	1.0		2.0			2.0	6.0		1.0		1.0		3.0	2.0	
Kurthia	4728.0	2.0	4.0	3.0	82.0		24.0	78.0	1.0	102.0	3.0		150.0	211.0	2.0	55.0	1.0	28.0		65.0	123.0	
Planococcus	1.0		1.0			1.0				1.0			2.0			1.0						
Solibacillus	1.0																					
Peribacillus	2491.0	1895.0	1973.0	1644.0	1584.0	3805118.0	1082.0	3105.0	1127.0	1088.0	1180.0	1179.0	10.0	21.0	9.0	12.0	19.0	2361.0	2.0	13.0	10.0	5.0
Bacillus	268.0	5.0	4.0	13.0	231.0	8043.0	140.0	112.0	9.0	223.0	3.0	181.0	404.0	295.0	4.0	126.0	37.0	276.0	4.0	240.0	337.0	2.0
Priestia	3.0		4.0	5.0	6.0	638.0	8.0	3.0	1.0	6.0	1.0		15.0	10.0	1.0	5.0	85.0	1.0		5.0	6.0	
Lysinibacillus	3.0		7.0	1.0	2.0	50.0		1.0		2.0			1.0	1.0		1.0	1.0	1.0		5.0		
Virgibacillus	1.0																					
Amphibacillus	1.0				1.0			1.0					2.0	2.0						2.0	1.0	
Listeria	240.0		3.0	1.0	198.0	2.0	48.0	76.0		165.0	1.0		355.0	221.0	1.0	89.0		48.0	1.0	103.0	142.0	
Brochothrix	14.0				18.0			5.0		12.0			19.0	13.0		1.0		1.0	1.0	6.0	5.0	
Staphylococcus	157.0	19.0	35.0	55.0	1508.0	112.0	10.0	26.0	29.0	41.0	5.0	21.0	350.0	86.0	307.0	90.0	1938.0	102.0	34.0	39.0	66.0	20.0
Exiguobacterium	78.0		3964.0	2.0	359.0	4.0	2.0	3.0	1.0	19.0		1.0	140.0	13.0	4.0	683.0	1.0	79.0	1.0	63.0	64.0	
Gemella	37.0	20.0	3.0	146.0	219.0	37.0		7.0		12.0	520.0	44.0	34.0	6.0	3.0	109.0	226.0	31.0	3.0	8.0	2.0	460.0
Paenibacillus	11.0	1.0	7.0		11.0	246.0	14.0	14.0	1.0	17.0	4.0		16.0	23.0	2.0	10.0	11.0	13.0	16334.0	20.0	11.0	5.0
Brevibacillus	16.0	9.0	3.0	4.0	6.0	16639.0	6.0	12.0	9.0	8.0	4.0	8.0					1.0	14.0	7.0			
Sporolactobacillus	2.0				5.0					1.0			1.0								1.0	
Blautia	141.0		5.0		64.0		33.0	186.0		243.0	1.0		274.0	183.0		324.0	4.0	300.0		78.0	329.0	16.0
Agathobacter	69.0		2.0		39.0		146.0	210.0		140.0	3.0	7.0	231.0	97.0	3.0	170.0		397.0		47.0	458.0	6.0
Mediterraneibacter	48.0		2.0		39.0		26.0	71.0		90.0	2.0		115.0	72.0	4.0	102.0	1.0	212.0		78.0	160.0	1.0
Stomatobaculum	35.0	4.0		7.0	5.0			13.0		1.0	49.0	1.0	39.0			6.0	1.0			10.0		29.0
Coprococcus	24.0				12.0		17.0	21.0		52.0			42.0	30.0		41.0		164.0		9.0	108.0	
Dorea	17.0			1.0	8.0		19.0	33.0		27.0			59.0	17.0		57.0		72.0		24.0	71.0	
Roseburia	11.0	1.0			5.0		15.0	24.0		24.0	8.0		36.0	13.0		23.0		87.0		17.0	87.0	
Enterocloster	8.0		1.0		4.0		2.0	3.0		3.0			6.0	5.0		6.0		8.0		1.0	18.0	
Anaerobutyricum	9.0				2.0		3.0	13.0		11.0			20.0	7.0		23.0		11.0		2.0	24.0	
Anaerostipes	9.0				2.0		1.0	12.0		12.0			26.0	9.0		37.0		18.0		13.0	23.0	
Lachnoanaerobaculum	7.0		1.0	1.0	4.0	16.0		3.0			10.0		2.0			1.0		12.0		1.0		10.0
Simiaoa	6.0				2.0		11.0	6.0		22.0		7.0	41.0	9.0	5.0	16.0		129.0		4.0	60.0	
Lachnoclostridium	4.0				2.0		5.0	6.0		3.0		2.0	7.0	5.0		3.0		16.0		7.0	14.0	1.0
Kineothrix	2.0						1.0	2.0		3.0	1.0		5.0	10.0		1.0		1.0		4.0		
Petrocella	20.0		1.0		11.0	1.0		7.0		14.0			12.0	10.0		2.0		4.0		19.0	13.0	
Anaerotignum	18.0		6.0		15.0		2.0	17.0		14.0			9.0	20.0		4.0		12.0		4.0	8.0	
Faecalibacterium	136.0	12.0	4.0	3.0	147.0	2.0	127.0	235.0		358.0	15.0	5.0	354.0	155.0	4.0	341.0		823.0		261.0	735.0	3.0
Ruminococcus	87.0		7.0		130.0		11.0	79.0		73.0	1.0		97.0	101.0		120.0		185.0	1.0	81.0	110.0	2.0
Vescimonas	7.0				1.0		3.0	3.0		9.0		4.0	16.0	10.0		12.0		74.0		9.0	26.0	
Ruthenibacterium	5.0						1.0	6.0		1.0			7.0	3.0		6.0		14.0		1.0	18.0	
Flavonifractor	4.0	2.0			1.0		5.0	8.0		15.0			18.0	6.0	2.0	6.0		15.0		3.0	16.0	
Anaerotruncus	2.0							1.0					2.0			2.0		4.0		2.0	2.0	
Pusillibacter	2.0						2.0			2.0			6.0	4.0		4.0		8.0			2.0	
Subdoligranulum	2.0							1.0		3.0			9.0	3.0				6.0			6.0	
Dysosmobacter	12.0						17.0	13.0		17.0			14.0	7.0		18.0		35.0		5.0	24.0	
Oscillibacter	6.0							2.0			3.0		23.0	7.0		7.0		29.0		7.0	38.0	
Ruminiclostridium	1.0				1.0		1.0															
Solibaculum	1.0																	7.0		1.0	8.0	
Lawsonibacter	1.0				6.0		2.0	7.0		7.0			7.0	7.0		6.0		8.0		1.0	8.0	
Caproicibacterium	1.0	2.0	1.0		5.0			1.0		2.0	2.0		2.0	2.0		4.0		3.0		1.0	2.0	5.0
Clostridium	13.0		5.0		4.0	3.0	5.0	21.0		8.0			6.0	10.0	4.0	20.0		16.0		19.0	41.0	
Hungatella	2.0							2.0		4.0			2.0	1.0		1.0		1.0		1.0	2.0	
Caloramator	1.0					4.0															1.0	
Eubacterium	16.0		3.0		4.0	1.0	7.0	6.0	1.0	11.0	1.0		16.0	15.0		10.0		24.0		1.0	18.0	4.0
Intestinimonas	2.0						3.0	2.0		2.0			11.0	1.0		2.0		6.0		1.0	11.0	
Proteiniborus	1.0						2.0	7.0		7.0			3.0	21.0								
Sinanaerobacter	1.0																					
Butyricicoccus	1.0													1.0								
Agathobaculum	1.0						1.0															
Aristaeella	2.0	2.0			1.0					2.0	2.0		2.0	2.0							2.0	3.0
Clostridioides	6.0				2.0		1.0	3.0		1.0			1.0			5.0		7.0			3.0	
Terrisporobacter	2.0				7.0		1.0	1.0		1.0				1.0						1.0		
Romboutsia	1.0							4.0					1.0			4.0		4.0			3.0	
Peptoclostridium	8.0		1.0		4.0		1.0	5.0		3.0			11.0	2.0		8.0		9.0		2.0	1.0	
Acetoanaerobium	4.0		1.0		3.0		3.0	3.0		9.0			7.0	11.0		9.0		10.0		6.0	4.0	
Mogibacterium	2.0	10.0		3.0	15.0	24.0			3.0	1.0	127.0	6.0		4.0	1.0	2.0	11.0	13.0	2.0		1.0	89.0
Geosporobacter	1.0				1.0			1.0					1.0			1.0				1.0		
Veillonella	363.0	182.0	105.0	85.0	188.0	38.0	9.0	119.0	8.0	358.0	374.0	83.0	183.0	158.0	100.0	96.0	151.0	28.0	3.0	72.0	269.0	274.0
Dialister	74.0		1.0		18.0	1.0	5.0	33.0		13.0			26.0	16.0		21.0		18.0		12.0	20.0	
Megasphaera	4.0				1.0					3.0			2.0	1.0				1.0		3.0	3.0	
Phascolarctobacterium	36.0		2.0		16.0		6.0	15.0		35.0			46.0	13.0		28.0	1.0	56.0		10.0	101.0	
Acidaminococcus	2.0				2.0		1.0	1.0		4.0			5.0	3.0		3.0		3.0		2.0	9.0	
Sporomusa	6.0				1.0			1.0					1.0	3.0				1.0				
Pectinatus	4.0							2.0		1.0			2.0	2.0		7.0				2.0	2.0	
Megamonas	1.0				1.0			6.0		1.0			4.0	2.0		4.0						
Selenobaculum	1.0							1.0								1.0						
Erysipelothrix	75.0		4.0		35.0		5.0	56.0		23.0			67.0	22.0		9.0		15.0		5.0	24.0	
Solobacterium	78.0		9.0	3.0	17.0	12.0		5.0		1.0	18.0	12.0	65.0		10.0	1.0	18.0	7.0				25.0
Thomasclavelia	8.0				2.0		1.0	9.0		2.0	1.0		9.0	7.0		2.0		11.0		2.0	12.0	
Catenibacterium	3.0				1.0			4.0		2.0			5.0	3.0		6.0		17.0		6.0	7.0	
Faecalibacillus	2.0				2.0		1.0	2.0		1.0			9.0	1.0		5.0		11.0			7.0	
Peptoniphilus	6.0				26.0		2.0	9.0		16.0			13.0	12.0		3.0		6.0		7.0	8.0	
Helcococcus	2.0									1.0												
Rothia	1349.0	359.0	3089.0	1258.0	3534.0	2262.0	105.0	228.0	1715.0	1831.0	1620.0	251.0	1264.0	272.0	3255.0	746.0	3441.0	1901.0	133.0	184.0	1463.0	1147.0
Arthrobacter	4.0		1.0	1.0		1.0	15.0	1.0	2.0	2.0	5.0		5.0	1.0	1.0		2.0	1.0	14.0		2.0	1.0
Kocuria	3.0		5.0	2.0	1.0	12.0	25.0	2.0	8.0	1.0	2.0			4.0	4.0	4.0	1.0	3.0	13.0	12.0		12.0
Pseudarthrobacter	2.0				1.0	2.0	5.0		1.0						1.0		1.0		1.0			1.0
Micrococcus	2.0	10.0	7.0		3.0	11.0	25.0	1.0		2.0	1.0		5.0	5.0	1.0	6.0		2.0		7.0		
Microbacterium	10.0	2.0	1.0	16.0	10.0	1.0	9.0	7.0	6.0	5.0	1.0		789.0	8.0	34.0	22.0	2.0	23.0	1.0	13.0	6.0	
Agrococcus	16.0			1.0	12.0			9.0			8.0		6.0				5.0	4.0				
Agromyces	1.0				1.0		19.0						7.0									
Leucobacter	3.0		4.0										7.0					5.0				
Leifsonia	1.0		3.0				1.0				4.0		2.0	1.0	9.0	1.0						
Dermacoccus	10.0		19.0	42.0	13.0	31.0	59.0	5.0	93.0	6.0	6.0	20.0	16.0	16.0	16.0	10.0	20.0	11.0	105.0	2.0	1.0	21.0
Demequina	1.0		1.0		1.0																1.0	
Sanguibacter	1.0									1.0			1.0						3.0	3.0		
Schaalia	317.0	817.0	101.0	193.0	766.0	153.0	20.0	912.0	5.0	86.0	1101.0	384.0	248.0	587.0	100.0	123.0	694.0	133.0	12.0	664.0	57.0	777.0
Actinomyces	45.0	27.0	528.0	118.0	210.0	741.0	5.0	58.0	29.0	40.0	53.0	103.0	37.0	8.0	784.0	102.0	205.0	538.0	25.0	43.0	38.0	44.0
Bifidobacterium	155.0		9.0	1.0	65.0	1.0	57.0	102.0	2.0	119.0			188.0	96.0	4.0	204.0	3.0	185.0	7.0	86.0	179.0	
Gardnerella	1.0		1.0											2.0					1.0	2.0		
Streptomyces	124.0	39.0	88.0	118.0	200.0	60.0	366.0	159.0	56.0	110.0	55.0	50.0	412.0	146.0	155.0	237.0	104.0	181.0	108.0	188.0	148.0	60.0
Mycobacterium	40.0	95.0	86.0	106.0	102.0	29.0	113.0	74.0	37.0	4.0	62.0	46.0	32.0	47.0	99.0	66.0	114.0	16.0	79.0	54.0	2.0	31.0
Mycolicibacterium	22.0	28.0	65.0	45.0	12.0	36.0	6.0	61.0	35.0	29.0	20.0	9.0	29.0	41.0	70.0	74.0	13.0	56.0	10.0	69.0	26.0	34.0
Rhodococcus	10.0		1.0	2.0	12.0	1.0	2.0	1.0	3.0		16.0	10.0	8.0	10.0	8.0	3.0	1.0		23.0			4.0
Nocardia	2.0	4.0			2.0	1.0	6.0		1.0				1.0	1.0	1.0	2.0	1.0	1.0		3.0	1.0	1.0
Corynebacterium	6.0	1.0	6.0	4.0	27.0	96.0	2.0	2.0	8.0		9.0	4.0	17.0	6.0		39.0	25.0	8.0	44.0	2.0	2.0	13.0
Tessaracoccus	10.0		3.0	1.0	5.0	1.0	27.0	10.0		13.0			32.0	13.0		57.0		43.0		28.0	7.0	
Propioniciclava	10.0				10.0			25.0		8.0			12.0	7.0		30.0		7.0		14.0	4.0	
Cutibacterium	4.0	3.0	24.0	9.0	10.0	17.0	38.0	9.0	30.0		8.0	19.0	21.0	17.0	7.0	22.0	17.0	8.0	33.0	11.0	8.0	4.0
Brooklawnia	4.0							10.0		1.0			3.0	2.0		11.0		13.0		6.0	1.0	
Propionibacterium	1.0		3.0		21.0		22.0					7.0			7.0		12.0					
Microlunatus	1.0	1.0	6.0	8.0	5.0		23.0					1.0	4.0		4.0	6.0	6.0	2.0	8.0	4.0	5.0	
Arachnia	1.0		1.0	6.0		2.0	2.0				1.0	9.0		1.0	5.0	2.0	1.0		1.0			2.0
Nocardioides	21.0	5.0	64.0	75.0	24.0	16.0	56.0	16.0	22.0	11.0	25.0	24.0	160.0	14.0	89.0	56.0	31.0	17.0	51.0	19.0	8.0	24.0
Friedmanniella	2.0			2.0				2.0				3.0			4.0							3.0
Geodermatophilus	14.0	27.0	54.0	43.0	20.0	33.0	108.0	20.0	34.0	1.0	6.0	7.0	26.0	9.0	215.0	37.0	28.0	24.0	56.0	19.0		6.0
Blastococcus	14.0	6.0	13.0	11.0	7.0	11.0	17.0	2.0	7.0	2.0	14.0	15.0	7.0	9.0	49.0	13.0	9.0	6.0	78.0	3.0	2.0	14.0
Modestobacter	13.0	12.0	13.0	18.0	10.0	3.0	17.0	4.0	2.0	6.0	7.0	4.0	10.0	3.0	21.0	6.0	2.0	10.0		6.0	2.0	2.0
Actinoplanes	16.0	6.0	10.0	16.0	25.0	14.0	26.0	16.0	3.0	4.0	9.0	6.0	14.0	3.0	68.0	16.0	2.0	6.0	20.0	11.0	2.0	7.0
Micromonospora	4.0	2.0	19.0	7.0	2.0	10.0	41.0	16.0	17.0	19.0	9.0	14.0	3.0	14.0	83.0	6.0	5.0	27.0	21.0	24.0	11.0	7.0
Actinomycetospora	9.0		8.0	10.0	3.0	1.0		2.0			5.0	2.0	109.0		10.0	15.0	8.0		3.0	3.0		9.0
Pseudonocardia	7.0	8.0	9.0	13.0	13.0	7.0	36.0	5.0	11.0	4.0	12.0	11.0	27.0	6.0	22.0	11.0	11.0	11.0	36.0	4.0	4.0	9.0
Amycolatopsis	2.0	7.0	31.0	70.0	22.0	11.0	33.0	16.0	26.0	9.0	19.0	9.0	1.0	4.0	52.0	41.0	20.0	7.0	46.0	9.0	6.0	4.0
Protofrankia	5.0				4.0			6.0		8.0			6.0	10.0	1.0	10.0		5.0		2.0	15.0	
Pseudofrankia	1.0				1.0													1.0				
Nonomuraea	2.0	2.0	2.0		9.0	2.0	16.0	3.0	1.0						2.0	2.0	4.0	2.0	7.0	2.0		
Jatrophihabitans	1.0	3.0	2.0	1.0	1.0	1.0	1.0	1.0			3.0				2.0	2.0	1.0	1.0	2.0			1.0
Nakamurella	1.0												4.0			9.0		7.0		10.0	2.0	
Slackia	16.0		2.0		1.0								7.0									
Adlercreutzia	9.0						8.0	5.0		2.0			7.0	5.0		3.0		10.0			9.0	
Eggerthella	4.0				3.0		1.0	7.0		3.0	1.0		11.0	7.0		1.0		8.0			9.0	
Collinsella	44.0				37.0		112.0	96.0		93.0			192.0	71.0		101.0	2.0	199.0		40.0	187.0	4.0
Lancefieldella	1.0	22.0	8.0	1.0	69.0	13.0	1.0	1.0			29.0	26.0	1.0	17.0	2.0	1.0	66.0	10.0		1.0		22.0
Parafannyhessea	2.0																					
Conexibacter	6.0	19.0	11.0	18.0	14.0	5.0	35.0	9.0	16.0	10.0	33.0	29.0	14.0	11.0	47.0	11.0	18.0	16.0	17.0	9.0	11.0	18.0
Baekduia	11.0	5.0	28.0	20.0	21.0	14.0	12.0	1.0	12.0	14.0	11.0	28.0	9.0	5.0	42.0	13.0	13.0	10.0	24.0	10.0	10.0	6.0
Capillimicrobium	5.0	9.0	16.0	13.0	14.0	4.0	6.0	6.0	26.0	4.0	9.0	5.0	9.0	3.0	30.0	13.0	5.0	3.0	32.0	9.0		10.0
Rubrobacter	6.0	4.0	10.0	9.0	9.0	13.0	12.0	6.0	11.0	3.0	15.0	2.0	2.0	3.0	24.0	5.0	6.0	8.0	11.0	4.0	5.0	19.0
Actinomarinicola	1.0						2.0					4.0				1.0			4.0			1.0
Synechocystis	19.0		6.0		4.0	1.0																
Richelia	9.0				7.0	1.0	4.0	19.0		22.0			35.0	24.0		2.0		11.0		1.0	23.0	
Oscillatoria	5.0		1.0				6.0		6.0		1.0	1.0	2.0		2.0			1.0	6.0			
Pseudanabaena	1.0																					
Deinococcus	2.0	1.0	3.0	1.0										2.0		1.0	1.0		1.0		2.0	
Bacteroides	2056.0	19.0	60.0	3.0	521.0	9.0	605.0	1902.0	5.0	1606.0	55.0	36.0	2276.0	1127.0	44.0	1836.0	7.0	3222.0	5.0	1414.0	4138.0	35.0
Phocaeicola	642.0	7.0	9.0	2.0	119.0	1.0	193.0	376.0	288.0	420.0	6.0	5.0	659.0	182.0	9.0	369.0	5.0	622.0		97.0	877.0	5.0
Prevotella	2206.0	132.0	215.0	108.0	771.0	1440.0	23.0	36.0	28.0	69.0	1588.0	598.0	1470.0	149.0	235.0	143.0	760.0	1309.0	19.0	59.0	359.0	1233.0
Segatella	60.0		11.0	2.0	53.0	14.0	73.0	103.0	1.0	150.0		1.0	221.0	76.0	9.0	131.0	3.0	212.0		46.0	342.0	1.0
Paraprevotella	20.0				1.0		3.0	4.0		13.0			12.0	4.0		17.0		37.0		1.0	20.0	
Hoylesella	1.0		1.0	1.0	1.0	1.0					7.0	2.0	1.0		2.0		2.0	4.0				3.0
Parabacteroides	374.0	15.0	8.0	1.0	95.0		72.0	301.0		278.0	8.0	10.0	366.0	134.0	6.0	199.0	1.0	367.0		83.0	396.0	9.0
Tannerella	2.0				4.0	1.0					65.0					1.0	7.0					59.0
Alistipes	69.0	5.0	3.0		9.0	2.0	41.0	49.0		68.0	5.0		111.0	29.0	1.0	89.0	2.0	477.0	1.0	23.0	357.0	1.0
Acetobacteroides	1.0				1.0		2.0	3.0		1.0			5.0	2.0		4.0				4.0	7.0	
Dysgonomonas	26.0				5.0		2.0	13.0		3.0			11.0	4.0		1.0		5.0			8.0	
Proteiniphilum	1.0				1.0	1.0	1.0			2.0		16.0	2.0	3.0		1.0					3.0	
Porphyromonas	12.0		15.0	14.0	9.0	1.0					48.0		8.0	1.0	12.0	5.0	4.0	1.0		1.0	3.0	26.0
Macellibacteroides	9.0				10.0		6.0	16.0		26.0			39.0	9.0		5.0		19.0		25.0	31.0	
Butyricimonas	9.0	3.0	1.0		1.0		5.0	13.0		4.0			15.0	6.0	2.0	21.0		28.0		4.0	48.0	1.0
Odoribacter	7.0	1.0	1.0		4.0		9.0	9.0		9.0			26.0	6.0		14.0		52.0		3.0	39.0	
Muribaculum	1.0		1.0					3.0		1.0	1.0	2.0	2.0			1.0		3.0			3.0	
Duncaniella	1.0									1.0	1.0	1.0			1.0						1.0	
Cloacibacterium	863.0	2.0	17.0	1.0	254.0		193.0	445.0	1.0	778.0	1.0		1420.0	418.0		219.0		531.0		368.0	996.0	3.0
Empedobacter	334.0		1.0		78.0		35.0	103.0		188.0			424.0	35.0	1.0	13.0		39.0		11.0	125.0	
Chryseobacterium	153.0		11.0	2.0	33.0	1.0	113.0	22.0	27.0	47.0		2.0	83.0	20.0	3.0	17.0	29.0	26.0		16.0	47.0	108.0
Epilithonimonas	46.0		1.0		18.0	1.0	5.0	27.0		26.0			41.0	6.0		7.0		26.0		8.0	32.0	
Kaistella	4.0				1.0					1.0			1.0			1.0		2.0		2.0	2.0	
Elizabethkingia	31.0				5.0		3.0	7.0		7.0			15.0	3.0		1.0		4.0		4.0	6.0	
Ornithobacterium	1.0												1.0					1.0				
Bergeyella	1.0							2.0		3.0			3.0	3.0				2.0			1.0	
Cruoricaptor	1.0									1.0	2.0		4.0					1.0			2.0	1.0
Faecalibacter	1.0				2.0			2.0		2.0			2.0								1.0	
Flavobacterium	909.0	1.0	2.0	1.0	138.0		13.0	34.0		34.0	1.0		91.0	17.0		44.0	1.0	92.0		15.0	76.0	
Amniculibacterium	11.0				1.0		1.0			1.0			3.0			2.0		4.0			2.0	
Myroides	7.0				1.0		2.0			2.0			4.0	2.0		1.0		1.0			1.0	
Paenimyroides	21.0									9.0												
Mariniflexile	2.0				1.0																	
Capnocytophaga	1.0		11.0	8.0	5.0	42.0	1.0	7.0	1.0	1.0	130.0	3.0			14.0	3.0	3.0	42.0	3.0	5.0	1.0	106.0
Cellulophaga	1.0																					
Sphingobacterium	7.0						2.0	15.0		7.0			6.0	6.0		7.0			2.0	3.0	3.0	
Pseudopedobacter	2.0												1.0									
Runella	1.0																					
Dyadobacter	1.0										1.0				1.0							
Hymenobacter	1.0	4.0		3.0				1.0	1.0			8.0		4.0	2.0					1.0		3.0
Haliscomenobacter	1.0																					
Chlorobium	1.0													1.0								
Gemmatirosa	1.0	4.0	3.0	5.0	2.0	4.0	3.0	1.0	7.0	1.0	6.0				12.0	2.0	2.0	2.0	1.0		2.0	3.0
Aliarcobacter	1355.0	18.0	18.0	5.0	815.0	9.0	3651.0	10943.0	8.0	10667.0	12.0	4.0	37678.0	6729.0	30.0	4039.0	27.0	2791.0	12.0	6964.0	8359.0	26.0
Arcobacter	175.0		1.0		167.0		479.0	848.0	1.0	943.0	1.0		5205.0	637.0	2.0	587.0	6.0	668.0		828.0	2167.0	1.0
Malaciobacter	2.0				7.0		10.0	12.0		13.0			40.0	8.0		8.0		6.0		8.0	22.0	1.0
Sulfurospirillum	19.0				5.0		18.0	46.0		25.0			123.0	74.0		5.0		10.0		37.0	47.0	
Campylobacter	1.0	1.0			3.0	5.0		8.0	1.0	1.0	6.0		4.0	1.0	1.0	1.0		2.0	1.0	3.0	12.0	2.0
Sulfurimonas	1.0				2.0		4.0	9.0		9.0			34.0	6.0		2.0		4.0		2.0	8.0	
Desulfovibrio	15.0	1.0			4.0	1.0	15.0	43.0		38.0			68.0	28.0		32.0		49.0		28.0	41.0	
Pseudodesulfovibrio	34.0		1.0		52.0		15.0	30.0		46.0			42.0	36.0		39.0		48.0		47.0	43.0	
Oleidesulfovibrio	12.0				20.0		17.0	32.0		21.0			22.0	28.0		53.0		50.0		56.0	17.0	
Nitratidesulfovibrio	1.0		1.0				1.0	6.0		8.0			5.0	1.0		2.0		1.0		3.0	2.0	
Solidesulfovibrio	1.0													1.0		1.0						
Desulfomicrobium	1.0				3.0					2.0			2.0	1.0		1.0		1.0				
Desulfobulbus	8.0				8.0			13.0		19.0			25.0	16.0		38.0		36.0		26.0	49.0	
Desulfocapsa	1.0													1.0		1.0						
Desulfosediminicola	1.0							1.0					2.0					4.0		1.0		
Pelobacter	1.0							2.0					1.0	2.0				1.0			3.0	
Desulfuromonas	1.0				1.0		2.0	2.0		1.0			3.0	6.0		1.0		4.0	1.0	3.0	5.0	
Geoalkalibacter	4.0				7.0		4.0	5.0		3.0			19.0	14.0		15.0		16.0		23.0	8.0	
Geobacter	1.0		9.0		4.0		1.0	3.0		3.0						1.0		2.0		1.0	1.0	
Geotalea	1.0				2.0			1.0		2.0			3.0	1.0		9.0		3.0		4.0	5.0	
Syntrophobacter	6.0				4.0			5.0		8.0			8.0	9.0		13.0		8.0		3.0	13.0	
Akkermansia	42.0	5.0	9.0		19.0	3.0	17.0	30.0	1.0	52.0	337.0	171.0	57.0	18.0	2.0	48.0	3.0	162.0	1.0	23.0	147.0	293.0
Nibricoccus	1.0																	1.0				
Singulisphaera	5.0	3.0	4.0		3.0		4.0							7.0					4.0			
Lentisphaera	51.0						28.0						1.0					96.0			57.0	
Sebaldella	3.0							1.0		1.0			2.0	2.0		2.0		6.0		2.0	1.0	
Fusobacterium	2.0			16.0	4.0	11.0	1.0	1.0		2.0	31.0	1.0	5.0			15.0	3.0	4.0		2.0	3.0	22.0
Acidisarcina	4.0																					
Archangium	4.0	4.0	17.0	2.0	9.0	8.0	8.0	5.0	6.0				2.0		29.0		18.0	6.0	5.0	3.0		
Polyangium	1.0		1.0		1.0	3.0							1.0		3.0			2.0				
Treponema	3.0	1.0						1.0		1.0	1.0	2.0	1.0	2.0		1.0	1.0	2.0			2.0	1.0
Leptospira	1.0						1.0	1.0													1.0	
Candidatus Saccharimonas	2.0																					
Mucispirillum	1.0																					
Homo	10262.0	8838.0	7970.0	11440.0	3752.0	14599.0	402.0	9912.0	592.0	2802.0	808.0	11550.0	8960.0	6858.0	8597.0	8095.0	4113.0	6674.0	607.0	7779.0	2231.0	830.0
Methanothrix	3.0						1.0	6.0		1.0			1.0	1.0		14.0		5.0		3.0	6.0	
Natrialba	2.0							2.0		1.0			4.0	1.0		4.0		1.0		1.0	1.0	
Methanobrevibacter	3.0		1.0	1.0	2.0			11.0		13.0			17.0	6.0		13.0		17.0		6.0	42.0	
Candidatus Nitrosocosmicus	1.0						3.0					1.0			2.0				2.0			
Methanomethylophilus	1.0							1.0					1.0									
Gallibacterium		1.0					1.0				1.0					1.0				3.0		
Aerosticca		1.0								2.0			3.0								2.0	
Sphingosinicella		9.0						2.0	1.0	6.0			3.0	5.0		1.0		1.0	2.0	4.0	1.0	
Rhodovastum		14.0					1.0				5.0	1.0					2.0					
Lautropia		1.0		5.0		17.0			1.0							1.0		5.0				
Caldimonas		2.0	10.0	10.0	17.0	33.0	9.0	2.0	20.0	8.0	3.0		16.0	3.0	10.0	9.0	17.0	11.0	22.0	6.0	14.0	9.0
Geobacillus		2.0																				
Aminipila		2.0									2.0	1.0		1.0				1.0				
Lachnospira		1.0			3.0		1.0	10.0		7.0			14.0	6.0		2.0		31.0			42.0	
Faecalibaculum		1.0			1.0							1.0				2.0						
Parvimonas		1.0				1.0					1.0			1.0	1.0	1.0						2.0
Marisediminicola		5.0																				
Cellulomonas		1.0	2.0	4.0	1.0	3.0	4.0	1.0	2.0				21.0	1.0	2.0	2.0		1.0	4.0			
Saccharopolyspora		5.0			4.0	1.0	4.0			1.0			2.0	2.0	4.0							
Kutzneria		4.0	5.0	3.0	5.0	5.0	11.0	3.0			10.0			2.0	18.0	20.0	10.0		4.0	4.0		
Couchioplanes		7.0	17.0			7.0			10.0						51.0	8.0		3.0	24.0	4.0		
Streptosporangium		3.0				2.0	1.0		3.0												1.0	
Vulcanimicrobium		4.0		1.0	2.0	1.0	4.0	2.0	1.0		1.0	1.0	3.0	1.0	1.0			1.0				1.0
Mucilaginibacter		1.0	1.0					1.0							1.0				1.0	1.0		
Gemmatimonas		1.0							1.0		2.0				5.0				1.0			1.0
Tautonia		1.0			1.0		3.0		8.0						16.0		4.0			3.0		
Planctomyces		4.0			5.0	1.0		2.0									5.0				3.0	
Planctopirus		1.0											1.0									
Humisphaera		1.0			1.0	2.0	2.0				1.0				1.0			1.0	1.0			
Candidatus Nanosynbacter		5.0			67.0	1.0					18.0			2.0		1.0	61.0			1.0		9.0
Granulicella		1.0	1.0		3.0	3.0	4.0										3.0	3.0				
Occallatibacter		1.0	1.0		1.0										1.0			1.0				
Leptotrichia		2.0	1.0	3.0	80.0	14.0		3.0	1.0	1.0	74.0	1.0		2.0	1.0	1.0	59.0	12.0	2.0	2.0		54.0
Fervidobacterium		1.0															1.0					
Leptospirillum		1.0																				
Candidatus Doolittlea			1.0																2.0			
Luteimonas			1.0										4.0	2.0				2.0		2.0	6.0	
Histophilus			1.0										2.0	2.0		1.0		3.0		1.0		
Francisella			1.0		2.0		1.0	3.0		2.0	1.0	1.0	1.0			1.0		2.0			4.0	
Ramlibacter			1.0		1.0				4.0	1.0			7.0					1.0	1.0		2.0	
Aquincola			1.0	1.0	4.0	1.0	2.0	1.0		3.0			4.0		2.0	2.0	1.0		4.0	2.0	2.0	2.0
Telluria			3.0				1.0			1.0			1.0	1.0		2.0	4.0				1.0	
Usitatibacter			1.0																2.0			
Hyphomicrobium			4.0			2.0	2.0				4.0		1.0		14.0	5.0		6.0			4.0	
Pseudolabrys			3.0	6.0		3.0							1.0	1.0	1.0			1.0	6.0			
Skermanella			22.0	57.0	1.0	1.0	8.0		4.0		2.0		1.0		127.0	1.0	47.0	3.0	64.0	6.0		
Pontivivens			1.0																			
Wolbachia			1.0																			
Pradoshia			1.0																			
Selenomonas			1.0		2.0	2.0					1.0					1.0		2.0			3.0	1.0
Finegoldia			2.0																1.0			
Limnochorda			1.0																			
Pseudoglutamicibacter			5.0																			
Rathayibacter			10.0					1.0					1.0	2.0								
Brevibacterium			1.0										10.0		14.0			1.0	15.0	3.0	1.0	
Kytococcus			1.0						2.0	1.0	1.0			2.0								
Georgenia			1.0				14.0						1.0									
Mycolicibacter			1.0		5.0											1.0						
Dietzia			1.0			5.0		12.0									11.0					
Aeromicrobium			4.0	1.0	2.0							2.0	1.0		1.0	2.0			4.0			
Kribbella			5.0	25.0	6.0	2.0	6.0	1.0	8.0	4.0	6.0	9.0	4.0	1.0	19.0	11.0	8.0	5.0	11.0	2.0	1.0	3.0
Lentzea			4.0	1.0	3.0	10.0	15.0	1.0	4.0	1.0			3.0	1.0	9.0		2.0	4.0	9.0		1.0	
Solwaraspora			1.0												6.0					3.0		
Plantactinospora			1.0								1.0							1.0				
Scardovia			10.0	6.0											34.0	5.0						
Actinoallomurus			2.0	7.0	11.0	3.0			2.0			1.0			3.0	1.0	8.0					1.0
Actinomadura			1.0		1.0	3.0	6.0	4.0	1.0	1.0	1.0	1.0			5.0		5.0	1.0	2.0	4.0		2.0
Thermomonospora			1.0			1.0	4.0	1.0	1.0								1.0					
Nocardiopsis			1.0				1.0				1.0											
Catenulispora			2.0	1.0	1.0		3.0					1.0			1.0		1.0					
Paraconexibacter			4.0	11.0		10.0	10.0	5.0	7.0			7.0			6.0		4.0	3.0	3.0	2.0		2.0
Miltoncostaea			1.0	1.0		1.0			1.0				1.0		1.0	1.0	1.0					1.0
Iamia			1.0			2.0	2.0	3.0	5.0			2.0	2.0		3.0		1.0		5.0			1.0
Aquihabitans			1.0			1.0						3.0	2.0	1.0	6.0				4.0			1.0
Dermatobacter			2.0				1.0							2.0					3.0	2.0		
Leptodesmis			1.0																			
Dehalococcoides			1.0										1.0									
Candidatus Phytoplasma			1.0		1.0		1.0															
Sodaliphilus			1.0								1.0	1.0			1.0			2.0				2.0
Zobellia			1.0				1.0						1.0									
Niastella			1.0															1.0			1.0	
Prosthecochloris			1.0					1.0		1.0			1.0							1.0		
Candidatus Cloacimonas			66.0			46.0											94.0					
Cystobacter			3.0	1.0	8.0		4.0								15.0	1.0	7.0		9.0			
Myxococcus			2.0			1.0				2.0		1.0	3.0				1.0					
Sorangium			1.0	3.0		2.0	1.0	3.0	1.0		3.0			1.0	7.0			1.0	1.0	5.0		
Labilithrix			1.0				1.0															
Gemmata			4.0				1.0	1.0							2.0				2.0			
Paludisphaera			5.0													2.0						1.0
Terriglobus			2.0																			
Luteitalea			3.0			1.0		1.0		1.0	1.0				3.0		1.0		4.0	1.0		2.0
Sulfurivermis				1.0			1.0						1.0	1.0		2.0		1.0		1.0	1.0	
Cardiobacterium				1.0	2.0	12.0					1.0					5.0		10.0				2.0
Sinorhizobium				8.0	4.0		3.0						1.0		10.0				9.0	2.0	1.0	
Enhydrobacter				2.0	1.0														2.0	2.0		
Pseudorhodoplanes				2.0																		
Martelella				1.0																		
Sediminicoccus				2.0															1.0			
Granulibacter				1.0						1.0												
Serinicoccus				1.0																		
Janibacter				2.0					1.0					1.0					7.0			
Pauljensenia				4.0	2.0														12.0			
Gordonia				6.0		3.0	38.0	3.0				1.0	5.0	5.0	1.0	16.0		10.0	18.0	5.0	7.0	2.0
Kibdelosporangium				1.0		1.0									1.0				3.0			
Phytohabitans				24.0		7.0		2.0				3.0			5.0	3.0	1.0	1.0	4.0	5.0		
Olsenella				5.0	1.0			1.0			7.0					1.0		1.0			1.0	3.0
Thermus				2.0	2.0	3.0			3.0	1.0	3.0	2.0	3.0		4.0	2.0	3.0	1.0	4.0	1.0	2.0	2.0
Allomeiothermus				2.0	1.0	3.0		1.0	4.0	1.0			1.0		2.0	2.0	4.0	1.0	2.0	1.0	2.0	
Anaeromyxobacter				1.0	2.0		1.0	1.0	1.0		2.0				1.0							
Chondromyces				3.0												3.0						
Urbifossiella				11.0		9.0	1.0	2.0	3.0				5.0		2.0							1.0
Edaphobacter				5.0				1.0						2.0						2.0		
Paludibaculum				1.0					1.0				1.0	1.0		1.0						
Turneriella				1.0														1.0				
Nitrososphaera				1.0					1.0	1.0			1.0	1.0		1.0			1.0			1.0
Aliiglaciecola					1.0		2.0	2.0		1.0			3.0	4.0		4.0		6.0		2.0	5.0	
Pasteurella					1.0		2.0	6.0		13.0	1.0		3.0	6.0	4.0	1.0		3.0		7.0	1.0	
Actinobacillus					1.0		2.0			2.0			2.0			1.0	1.0	2.0		7.0	2.0	
Bibersteinia					1.0								2.0									
Frateuria					3.0			1.0				1.0	1.0			1.0		2.0			1.0	
Thiorhodovibrio					1.0		1.0						1.0					1.0		1.0	1.0	
Vreelandella					4.0		4.0	13.0		4.0			16.0			18.0		15.0		2.0	1.0	
Aliamphritea					1.0			3.0		3.0			5.0	4.0		2.0		5.0		9.0	1.0	
Methylococcus					2.0			4.0	1.0	2.0			6.0			2.0		3.0	1.0	1.0	6.0	
Spongiibacter					2.0											2.0						
Thiosulfatimonas					1.0																	
Gilliamella					1.0			1.0		1.0			2.0					2.0				
Candidatus Symbiobacter					1.0					1.0			3.0									
Pusillimonas					4.0			4.0		3.0			1.0	1.0		4.0		3.0		13.0	1.0	
Pollutimonas					1.0		3.0	7.0		8.0			13.0	4.0		10.0		12.0		19.0	10.0	
Methylibium					1.0								2.0									
Undibacterium					1.0		1.0	1.0		1.0	1.0					2.0						
Tepidimonas					2.0		1.0						1.0			1.0						
Xylophilus					1.0								6.0									
Eikenella					1.0	2.0		1.0		2.0	3.0					3.0		7.0		2.0		3.0
Chitinimonas					3.0					1.0			2.0			1.0		1.0			2.0	
Deefgea					1.0			1.0		1.0								1.0				
Parazoarcus					2.0		2.0	1.0		5.0			16.0	6.0		3.0		5.0		3.0	7.0	
Nitrogeniibacter					1.0		1.0	2.0					2.0							1.0	1.0	
Methylobacillus					3.0			2.0					2.0			2.0				2.0	2.0	
Ferrigenium					2.0			2.0													3.0	
Neorhizobium					1.0																1.0	
Methylosinus					3.0					1.0		6.0	1.0	1.0		3.0			5.0	3.0	1.0	
Hartmannibacter					1.0																	
Roseibium					1.0																	
Chelatococcus					1.0			1.0														
Methylovirgula					1.0														2.0			
Croceicoccus					1.0													3.0			2.0	
Erythrobacter					1.0								1.0		8.0							
Zymomonas					1.0									1.0								
Pararoseomonas					6.0	4.0	4.0									1.0					3.0	
Rhodospirillum					1.0																	
Hypericibacter					1.0											1.0	1.0		1.0			
Fontisubflavum					1.0								1.0									
Desemzia					1.0		2.0			1.0			1.0									
Globicatella					3.0															1.0		
Ruoffia					2.0			1.0		1.0											1.0	
Heyndrickxia					4.0	9.0		1.0		1.0			1.0	1.0				1.0		2.0	1.0	
Sporosarcina					1.0	26.0										1.0		1.0				
Acetivibrio					1.0																1.0	
Candidatus Arthromitus					2.0																	
Acetobacterium					1.0			1.0		1.0						3.0		6.0			1.0	
Intestinibacillus					1.0		2.0									2.0					1.0	
Anaerocolumna					3.0		1.0	2.0		3.0			1.0	3.0			1.0	2.0				1.0
Novisyntrophococcus					2.0		1.0			3.0			1.0	5.0							1.0	
Butyrivibrio					1.0		2.0	1.0		1.0			3.0			4.0		6.0			7.0	
Lacrimispora					1.0					2.0			1.0	3.0						1.0	1.0	
Wujia					1.0		2.0	2.0		5.0			11.0	1.0		13.0		50.0		1.0	16.0	
Emergencia					1.0											2.0		1.0				
Alkaliphilus					1.0																	
Thermoanaerobacterium					5.0		1.0	7.0		5.0			7.0	8.0		2.0		4.0		7.0	7.0	
Christensenella					1.0								1.0								1.0	
Bulleidia					1.0						1.0											
Longicatena					1.0		1.0	1.0					1.0			2.0				2.0		
Intestinibaculum					1.0		1.0															
Acidilutibacter					3.0								1.0					2.0				
Allobranchiibius					1.0																	1.0
Brachybacterium					1.0								2.0	6.0					21.0			
Trueperella					3.0		5.0															
Mobiluncus					1.0												1.0				2.0	
Kitasatospora					1.0				1.0		1.0		1.0		1.0				1.0	1.0	1.0	
Micropruina					2.0			12.0		1.0			13.0	55.0		35.0		16.0		21.0	13.0	
Umezawaea					4.0		3.0															
Dactylosporangium					1.0		7.0		4.0	1.0	5.0				3.0	3.0	14.0		1.0	1.0	2.0	4.0
Thermoleophilum					2.0														1.0			
Acidimicrobium					2.0													1.0				
Meiothermus					2.0																	1.0
Mycoplasma					1.0		1.0							2.0								
Mangrovibacterium					1.0			1.0		2.0			2.0					1.0			2.0	
Rhodocytophaga					1.0										1.0			1.0				
Sulfuricurvum					1.0		1.0	1.0										1.0				
Desulfosarcina					2.0			1.0					4.0	2.0		6.0				1.0	6.0	
Desulfomonile					93.0			92.0		147.0			176.0	149.0		74.0				85.0		
Pseudoleptotrichia					1.0																	1.0
Candidatus Minimicrobia					10.0									1.0			8.0					7.0
Aquisphaera					2.0					4.0						1.0		7.0	2.0			
Botrimarina					1.0																	
Candidatus Velamenicoccus					1.0					1.0												
Kiritimatiella					1.0																	
Corallococcus					3.0										4.0							
Sandaracinus					1.0				1.0													
Alloacidobacterium					2.0										1.0				4.0			
Desulfurispirillum					1.0		1.0			2.0			1.0	1.0		1.0		4.0		2.0	2.0	
Pyramidobacter					1.0																	
Thermovirga					5.0																	
Halobiforma					1.0																	
Mannheimia						1.0											1.0					
Dyella						1.0				1.0			1.0	1.0		1.0				1.0		1.0
Ahniella						1.0				1.0										1.0		
Nitrobacter						4.0												1.0				
Phyllobacterium						2.0				1.0			1.0								1.0	
Methylocystis						1.0										1.0						
Phaeobacter						2.0							2.0			2.0		1.0				
Metabacillus						192.0											6.0					
Neobacillus						169.0		1.0		1.0	3.0	1.0			1.0		1726.0			1.0	1.0	2.0
Cytobacillus						103.0		1.0			1.0						1.0					
Gracilibacillus						14.0																
Aeribacillus						12.0																
Mesobacillus						8.0											6.0					
Pontibacillus						7.0																
Radiobacillus						2.0																
Siminovitchia						2.0																
Psychrobacillus						2.0																
Gottfriedia						1.0																
Rossellomorea						1.0											1.0					
Parageobacillus						1.0											4.0					
Cohnella						1.0													1.0			
Pullulanibacillus						325.0			1.0			1.0										
Mammaliicoccus						1.0	1.0								23.0							
Ureibacillus						1.0							8.0									
Alicyclobacillus						1.0									1.0		1.0			1.0	1.0	
Fructilactobacillus						2.0																
Mageeibacillus						1.0																
Anaerococcus						1.0																
Caldicellulosiruptor						1.0			2.0								2.0	1.0	1.0			
Cellulosimicrobium						1.0							1111.0				1.0	1.0				1.0
Prescottella						2.0							74.0									
Saccharothrix						1.0	6.0	6.0								1.0						
Crossiella						1.0																
Jiangella						1.0			1.0								1.0	1.0				
Kineococcus						1.0	4.0						1.0									
Euzebya						1.0									1.0							
Nostoc						1.0										1.0				1.0		
Capsulimonas						1.0							1.0		1.0							
Opitutus						1.0													1.0			
Pyxidicoccus						4.0	3.0		1.0						3.0		1.0		4.0			
Fretibacterium						1.0																
Thalassotalea							1.0	2.0		2.0			2.0			2.0		2.0				
Neptunomonas							2.0	1.0		1.0			2.0			2.0		1.0		2.0		
Venatoribacter							1.0						3.0	1.0		1.0				3.0	1.0	
Alloalcanivorax							2.0						5.0			4.0					2.0	
Oleiphilus							1.0						1.0									
Ectothiorhodospira							3.0	3.0		2.0			4.0	3.0		9.0		7.0		7.0		
Avibacterium							2.0															
Marinimicrobium							1.0									1.0						
Candidatus Vondammii							1.0						2.0									
Kangiella							1.0			1.0												
Oxalobacter							1.0	3.0		2.0			6.0					4.0			6.0	
Duodenibacillus							1.0	2.0					2.0	1.0		2.0		2.0			8.0	
Crenobacter							1.0			2.0						1.0		1.0			2.0	
Sulfurimicrobium							1.0	3.0		2.0			2.0			2.0		1.0			3.0	
Afipia							1.0															
Azorhizobium							1.0															
Phreatobacter							2.0										6.0		8.0			
Magnetospirillum							1.0	2.0		1.0			1.0	1.0		2.0						
Pararhodospirillum							1.0															
Amygdalobacter							1.0															
Flintibacter							1.0			4.0				1.0							1.0	2.0
Massilistercora							1.0	1.0								8.0		21.0			1.0	
Anaeromusa							1.0	1.0		2.0			1.0	2.0		4.0		5.0		3.0	5.0	
Clavibacter							7.0								2.0							
Embleya							2.0															
Alloactinosynnema							4.0															
Microbispora							3.0										3.0					
Parolsenella							10.0						5.0	9.0				7.0			2.0	
Gordonibacter							1.0	1.0			5.0		7.0			1.0		5.0		3.0	1.0	
Halarcobacter							3.0	5.0		12.0			27.0	3.0		2.0		1.0		2.0	5.0	
Wolinella							1.0			2.0			6.0			1.0						
Coprobacter							4.0	2.0		1.0			3.0					10.0			5.0	
Barnesiella							3.0	1.0		1.0								2.0			5.0	
Paludibacter							1.0	1.0					1.0							1.0	1.0	
Spirosoma							1.0															
Desulfococcus							4.0	2.0		1.0								2.0		2.0		
Candidatus Xiphinematobacter							1.0															
Mariniblastus							1.0															
Nannocystis							1.0															
Haliangium							1.0													1.0		
Candidatus Korobacter							1.0				2.0								1.0			
Methanomethylovorans							1.0	1.0						1.0		1.0						
Candidatus Fukatsuia								1.0											1.0			
Dongshaea								1.0					2.0					5.0		3.0	2.0	
Thiopseudomonas								2.0		2.0				2.0		1.0		1.0				
Moritella								1.0								1.0						
Thermomonas								2.0		1.0			3.0			1.0		2.0			2.0	
Rhodanobacter								1.0		1.0										1.0	1.0	2.0
Luteibacter								1.0		2.0			6.0	1.0			1.0				1.0	
Tahibacter								1.0						1.0								
Zymobacter								1.0						1.0						1.0		
Neptuniibacter								1.0														
Gynuella								2.0					1.0					2.0		1.0		
Pleionea								1.0					1.0					1.0				
Thiocystis								1.0										1.0				
Thermochromatium								1.0					1.0	1.0								
Sedimenticola								1.0													1.0	
Cellvibrio								2.0		8.0			5.0	4.0		5.0			257.0	1.0	3.0	
Piscirickettsia								1.0														
Wohlfahrtiimonas								1.0						1.0								
Zophobihabitans								1.0														
Mycoavidus								1.0														
Actimicrobium								1.0					1.0									
Turicimonas								1.0				1.0										
Iodobacter								1.0										1.0				
Denitromonas								1.0														
Fluviibacter								3.0										1.0		2.0	3.0	
Pannonibacter								7.0		3.0			4.0					4.0				
Mariluticola								1.0														
Qipengyuania								1.0					1.0									
Frigidibacter								7.0						2.0		4.0						
Jeotgalicoccus								1.0		1.0		1.0										
Sellimonas								1.0		1.0			7.0	6.0		3.0		6.0		1.0	5.0	
Cellulosilyticum								1.0		1.0										1.0		
Desulfitobacterium								1.0														
Dehalobacter								1.0		1.0								1.0			1.0	
Dehalobacterium								1.0		3.0				1.0							3.0	
Intestinibacter								1.0														
Tepidanaerobacter								1.0														
Monoglobus								1.0					2.0				1.0	6.0		1.0	1.0	
Turicibacter								1.0		1.0				1.0				1.0			1.0	
Frondihabitans								1.0														
Streptacidiphilus								2.0														2.0
Yinghuangia								1.0														
Allokutzneria								13.0	2.0											5.0		
Polymorphospora								5.0														
Allocoleopsis								1.0														
Fimbriimonas								1.0														
Poseidonibacter								1.0		10.0			16.0	2.0		1.0		1.0		1.0	16.0	
Petrimonas								6.0					1.0					3.0		3.0	3.0	
Winogradskyella								1.0		1.0			1.0	11.0								
Aegicerativicinus								1.0														
Pseudocnuella								2.0														
Desulfolutivibrio								1.0		1.0			1.0	1.0		1.0				1.0	1.0	
Syntrophotalea								1.0													1.0	
Trichlorobacter								2.0					1.0	2.0		1.0				2.0		
Desulfobacter								2.0		2.0				3.0		1.0				3.0	1.0	
Desulfarculus								5.0		3.0			3.0	2.0				10.0		5.0	3.0	
Holophaga								1.0												2.0		
Thermospira								4.0														
Pelagibacterium									9.0													
Pelagerythrobacter									22.0													
Neoasaia									3.0													
Ruegeria									3.0	1.0												
Hydrogenophilus									1.0										1.0			
Curtobacterium									1.0	2.0	2.0		7.0	3.0		5.0	2.0	1.0				
Glaciihabitans									2.0													
Actinosynnema									1.0													
Actinotignum									3.0													
Spirillospora									2.0											5.0		
Oceanithermus									1.0													
Pragia										1.0						1.0				2.0		
Parashewanella										1.0			2.0					1.0			1.0	
Lacimicrobium										1.0				1.0		1.0		1.0		1.0		
Alkalimarinus										1.0			2.0			1.0				2.0	1.0	
Thalassomonas										1.0			1.0	1.0		1.0		1.0		1.0		
Halotalea										2.0			1.0									
Candidatus Portiera										1.0												
Amphritea										1.0										1.0	1.0	
Methylogaea										1.0												
Methylotuvimicrobium										1.0			1.0								1.0	
Thiosocius										1.0						1.0						
Rodentibacter										1.0												
Thiomicrospira										1.0			1.0									
Salinisphaera										1.0				1.0		1.0				2.0	1.0	
Hylemonella										1.0			2.0									
Pigmentiphaga										1.0	2.0		3.0	2.0					1.0			
Leptothrix										1.0			1.0					1.0				
Morococcus										6.0												
Methyloversatilis										1.0								1.0				
Sulfuricella										1.0												
Nitrosospira										1.0			3.0							1.0	1.0	
Gallionella										1.0												
Candidatus Nitrotoga										1.0												
Ferriphaselus										1.0						1.0						
Tardiphaga										3.0						1.0					5.0	
Kaistia										1.0								1.0		1.0		
Cereibacter										2.0						3.0				3.0		
Gemmobacter										1.0						3.0				2.0		
Tabrizicola										1.0											1.0	
Niveispirillum										1.0												
Haematospirillum										1.0												
Oenococcus										3.0			1.0									
Niallia										3.0			1.0				5.0			1.0		
Allobacillus										1.0												
Paenalkalicoccus										1.0												
Wansuia										2.0				2.0		4.0		1.0			2.0	
Tyzzerella										1.0												
Chordicoccus										1.0												
Proteiniclasticum										1.0			1.0			3.0					2.0	
Amedibacterium										1.0								3.0		1.0	2.0	
Allocoprobacillus										1.0												
Gudongella										2.0			3.0								1.0	
Glutamicibacter										1.0				1.0								
Gulosibacter										3.0							6.0					
Miniimonas										1.0					4.0			4.0				
Actinacidiphila										1.0				2.0								
Acidipropionibacterium										3.0	3.0		4.0					9.0		5.0		
Halomicronema										1.0												
Draconibacterium										1.0								1.0				
Marnyiella										1.0												
Solitalea										1.0				1.0								
Phnomibacter										2.0												
Oceanidesulfovibrio										1.0												
Geomonas										1.0						1.0				1.0		
Syntrophus										1.0											1.0	
Caulifigura										1.0												
Candidatus Mycosynbacter										2.0						1.0						
Sphaerochaeta										1.0			2.0	1.0		1.0		2.0				
Micavibrio										1.0										1.0		
Methanospirillum										1.0			1.0									
Permianibacter											1.0		1.0				1.0				1.0	
Labrys											1.0		1.0									
Kaustia											1.0											
Stella											1.0											
Acutalibacter											1.0		1.0									
Humibacter											5.0											
Leptogranulimonas											1.0											
Paramuribaculum											2.0										1.0	
Variibacter												2.0										
Starkeya												5.0										
Blastochloris												5.0										
Actinocatenispora												1.0										
Frigoriglobus												4.0			2.0							
Aquirhabdus													1.0	1.0		1.0						
Psychrosphaera													1.0					1.0				
Methylomicrobium													1.0	2.0								
Candidatus Methylospira													1.0			3.0						
Caldichromatium													2.0									
Agarilytica													1.0		1.0					1.0		
Congregibacter													3.0					2.0				
Hydrogenovibrio													1.0							1.0		
Acidiferrobacter													2.0									
Thiohalobacter													1.0	2.0								
Limnobacter													5.0									
Robbsia													1.0									
Ephemeroptericola													1.0									
Inhella													2.0								1.0	
Azohydromonas													1.0								1.0	
Eleftheria													1.0							1.0	1.0	
Conchiformibius													1.0									
Propionivibrio													1.0	1.0								
Sulfuritalea													1.0									
Nitratireductor													1.0		8.0							
Chenggangzhangella													1.0									
Terricaulis													1.0									
Tsuneonella													8.0									
Rhodovulum													1.0	1.0								
Salipiger													14.0			1.0						
Leisingera													2.0									
Komagataeibacter													1.0			3.0		1.0				
Thalassobaculum													1.0									
Paramagnetospirillum													7.0					3.0				
Claveliimonas													1.0	2.0						1.0		
Marvinbryantia													1.0			2.0		1.0			2.0	
Pseudobutyrivibrio													1.0									
Caproicibacter													1.0					4.0				
Frigoribacterium													2.0									
Isoptericola													74.0							2.0		
Xylanimonas													6.0									
Oerskovia													3.0									
Paraoerskovia													2.0									
Luteimicrobium													3.0									
Ruania													1.0									
Solicola													88.0									
Flaviflexus													3.0									
Mycolicibacillus													6.0									
Moorena													2.0								1.0	
Brevefilum													1.0									
Helicobacter													1.0								1.0	
Carboxylicivirga													1.0	1.0								
Riemerella													1.0			1.0				1.0	2.0	
Belliella													1.0									
Algoriphagus													1.0									
Candidatus Electrothrix													1.0									
Chlamydia													1.0									
Geothrix													1.0									
Methanosphaera													1.0	1.0								
Nitrosopumilus													1.0					1.0				
Billgrantia														7.0						8.0		
Salinicola														1.0				1.0				
Allochromatium														1.0						1.0		
Wenzhouxiangella														1.0								
Thiothrix														2.0		2.0						
Candidatus Palibaumannia														1.0								
Duganella														3.0		1.0		14.0		1.0	8.0	
Rhizobacter														1.0								
Methylorubrum														1.0								
Aureimonas														1.0				1.0	4.0	1.0		
Blastomonas														3.0								
Rhizorhabdus														7.0								
Evansella														1.0								
Macrococcus														2.0								
Petroclostridium														1.0		1.0						
Ktedonosporobacter														2.0								
Desulfuromusa														1.0								
Acidobacterium														1.0								
Candidatus Babela														1.0								
Cloacibacillus														1.0				3.0				
Candidatus Regiella															4.0					1.0	1.0	
Lichenihabitans															3.0							
Altererythrobacter															16.0	1.0			8.0			
Candidatus Fonsibacter															1.0							
Microcella															1.0							
Actinoalloteichus															1.0							
Parascardovia															2.0							
Ilumatobacter															3.0							
Suicoccus															1.0							
Leptolyngbya															1.0	1.0	1.0					1.0
Adhaeribacter															1.0							
Niabella															1.0							
Flavisolibacter															1.0					2.0		
Limnoglobus															1.0		2.0					
Lacipirellula															2.0	1.0				1.0		
Candidatus Kuenenia															1.0							
Ereboglobus															1.0	2.0		1.0				
Synoicihabitans															1.0							
Chloracidobacterium															3.0	1.0						
Candidatus Haliotispira															1.0							
Succinivibrio																1.0					1.0	
Salinimonas																1.0		2.0				
Catenovulum																1.0						
Planctobacterium																1.0						
Kushneria																1.0						
Reinekea																1.0						
Candidatus Thiodiazotropha																1.0						
Simiduia																1.0					1.0	
Silvimonas																1.0						
Liberibacter																1.0						
Pleomorphomonas																5.0		3.0		2.0		
Pseudosulfitobacter																4.0						
Ethanoligenens																2.0						
Filifactor																1.0						
Murdochiella																1.0					1.0	
Sedimentibacter																1.0						
Pedococcus																2.0						
Changpingibacter																4.0						
Frankia																1.0	1.0					
Arabiibacter																1.0						
Metamycoplasma																1.0		1.0				
Xiashengella																2.0		3.0				
Stigmatella																2.0			2.0			
Melittangium																1.0						
Methanocorpusculum																1.0						
Acidibrevibacterium																	3.0					
Phycicoccus																	1.0					
Dehalogenimonas																	1.0					
Candidatus Promineifilum																	1.0					
Geminocystis																	1.0					
Antarcticibacterium																	1.0					
Chlorobaculum																	1.0					
Enterovibrio																		1.0				
Granulosicoccus																		1.0				
Thiomicrorhabdus																		1.0		3.0	1.0	
Noviherbaspirillum																		1.0				
Methylocella																		1.0				
Neotabrizicola																		1.0			1.0	
Haematobacter																		4.0				
Marinilactibacillus																		1.0				
Maliibacterium																		1.0				
Naasia																		2.0				
Raineyella																		1.0				
Saccharomonospora																		1.0				
Thermobifida																		1.0				
Atopobium																		1.0				
Synechococcus																		1.0				
Aquipluma																		1.0				
Fluviicola																		1.0				
Sediminibacterium																		1.0				
Phycisphaera																		3.0				
Acetomicrobium																		1.0				
Geovibrio																		1.0			1.0	
Bacteriovorax																		1.0				
Methanoregula																		2.0			3.0	
Candidatus Nitrosotenuis																		1.0				
Methanomassiliicoccus																		1.0			1.0	
Sagittula																			1.0			
Dermabacter																			54.0			
Streptomonospora																			2.0			
Thermobaculum																			1.0			
Sphaerobacter																			1.0			
Paraneptunicella																				1.0		
Pistricoccus																				1.0		
Coxiella																				1.0		
Candidatus Reidiella																				1.0		
Immundisolibacter																				1.0		
Labrenzia																				1.0		
Lichenicoccus																				1.0		
Actinokineospora																				7.0		7.0
Dolichospermum																				1.0		
Mesoterricola																				1.0		
Aminomonas																				1.0	2.0	
Oceanotoga																				1.0		
Methanosarcina																				1.0		
Candidatus Aciduliprofundum																				1222.0		
Paraglaciecola																					1.0	
Nitrosococcus																					1.0	
Thiodictyon																					1.0	
Zhongshania																					11.0	
Mycetohabitans																					2.0	
Pelistega																					1.0	
Falsirhodobacter																					1.0	
Paraclostridium																					4.0	
Actinopolymorpha																					1.0	
Raoultibacter																					2.0	
Tenuifilum																					1.0	
Thermodesulfomicrobium																					2.0	
Parachlamydia																					1.0	
Methanobacterium																					1.0	
Nordella																						1.0
Paenarthrobacter																						1.0
Varibaculum																						1.0
Tomitella																						1.0
Sphaerisporangium																						1.0
