name	FAME000104	FAME000105	FAME000106	FAME000107	FAME000108	FAME000109	FAME000110	FAME000111	FAME000112	FAME000113	FAME000114	FAME000115	FAME000116	FAME000117	FAME000118	FAME000119	FAME000120	FAME000121	FAME000122	FAME000123	FAME000124	FAME000125	FAME000126	FAME000127	FAME000128	FAME000129	FAME000130	FAME000131	FAME000132
Aeromonas	695206.0	42703.0	80615.0	48273.0	67580.0	72309.0	76515.0	151957.0	96688.0	26706.0	99.0	986274.0	130.0	126.0	57.0	95.0	91.0	806.0	1228.0	1205.0	1422.0	950781.0	1014221.0	124826.0	141393.0	62737.0	117016.0	129289.0	1246.0
Tolumonas	65395.0	2.0	4.0	1.0	78.0	60.0	29.0	14.0	1.0			80975.0	1.0				1.0	64.0	77.0	21.0	11.0	30145.0	17670.0	74.0	1.0	2.0	2.0	1.0	67.0
Oceanimonas	7.0											6.0										8.0	2.0	2.0	6.0	6.0	7.0	5.0	
Zobellella	4.0		1.0									4.0										3.0							
Oceanisphaera	2.0											2.0										3.0							
Dongshaea	2.0																					1.0							
Succinivibrio	8.0											1.0																	
Raoultella	118493.0	888.0	1314.0	1104.0	590.0	456.0	281.0	388.0	324.0	304.0	350.0	53300.0	389.0	248.0	328.0	284.0	256.0	532.0	875.0	2323.0	1085.0	60007.0	51804.0	28806.0	3251.0	717.0	1704.0	1919.0	468.0
Klebsiella	72758.0	6736.0	11207.0	6803.0	8660.0	9505.0	8640.0	11029.0	11018.0	12123.0	15773.0	80162.0	15198.0	11486.0	13037.0	10473.0	11302.0	10164.0	11585.0	18345.0	22505.0	60996.0	61075.0	15642.0	17309.0	11175.0	17331.0	12301.0	19712.0
Citrobacter	157833.0	130998.0	163154.0	154518.0	167051.0	253747.0	285307.0	136045.0	122802.0	146709.0	154714.0	359436.0	161141.0	127783.0	164597.0	131530.0	178987.0	198411.0	137666.0	160609.0	69532.0	228448.0	545971.0	259918.0	492574.0	275301.0	548609.0	322542.0	22415.0
Kluyvera	101654.0	475.0	809.0	790.0	490.0	529.0	289.0	287.0	144.0	117.0	141.0	255011.0	148.0	87.0	147.0	104.0	97.0	240.0	423.0	397.0	409.0	141475.0	118941.0	1589.0	1496.0	754.0	2196.0	1836.0	312.0
Enterobacter	46655.0	200485.0	138693.0	1221183.0	120463.0	70023.0	32154.0	34757.0	30030.0	29787.0	37221.0	131127.0	42526.0	30877.0	33753.0	24926.0	24439.0	19504.0	17992.0	26309.0	63313.0	108840.0	432675.0	244155.0	1245107.0	682103.0	2903328.0	3237035.0	59387.0
Leclercia	21455.0	1285929.0	1543500.0	973838.0	1364630.0	1306592.0	1404027.0	2275529.0	2597626.0	3121852.0	3435306.0	36470.0	3410134.0	2434561.0	3730557.0	3355718.0	3800745.0	4392232.0	4816515.0	8290939.0	3783828.0	34850.0	762366.0	289404.0	149644.0	76575.0	257577.0	284919.0	149531.0
Lelliottia	10696.0	135845.0	199661.0	146047.0	541515.0	530219.0	487295.0	635620.0	488336.0	558717.0	881613.0	17385.0	913922.0	613575.0	556849.0	392266.0	143113.0	61112.0	13786.0	22293.0	2217574.0	16799.0	596584.0	2379879.0	2254744.0	1780482.0	1285938.0	414295.0	2667753.0
Escherichia	52841.0	46374.0	78786.0	51227.0	36180.0	31708.0	24804.0	22691.0	26180.0	33178.0	52773.0	102990.0	30434.0	21237.0	30931.0	31328.0	31753.0	42836.0	48227.0	85918.0	52303.0	69285.0	53939.0	17692.0	72462.0	54159.0	128534.0	72784.0	9606.0
Phytobacter	6974.0	4231.0	10544.0	2094.0	3504.0	2750.0	1734.0	1506.0	852.0	1127.0	1495.0	15248.0	1300.0	944.0	1061.0	584.0	448.0	457.0	244.0	349.0	2467.0	17400.0	5496.0	1598.0	2740.0	2030.0	7554.0	2142.0	2569.0
Atlantibacter	1941.0	76.0	139.0	33.0	99.0	116.0	84.0	101.0	117.0	146.0	172.0	6269.0	184.0	100.0	163.0	125.0	138.0	149.0	110.0	137.0	178.0	2318.0	1332.0	70.0	109.0	80.0	144.0	43.0	190.0
Buttiauxella	1216.0	447.0	2800.0	171.0	1438.0	465.0	322.0	413.0	313.0	169.0	234.0	1285.0	236.0	169.0	143.0	97.0	87.0	75.0	43.0	72.0	629.0	3530.0	229.0	255.0	232.0	162.0	171.0	85.0	562.0
Symbiopectobacterium	711.0	11.0	26.0	5.0	20.0	16.0	6.0	21.0	9.0	2.0		6802.0		1.0	7.0		1.0		3.0	15.0	6.0	239.0	1558.0	101.0	22.0	17.0	4.0	3.0	5.0
Candidatus Hamiltonella	6.0	4.0		8.0								4.0					1.0					1.0	1.0	2.0	4.0	4.0	9.0	6.0	
Salmonella	5690.0	17626.0	32867.0	15014.0	11592.0	8910.0	7287.0	14902.0	13906.0	8977.0	9676.0	10591.0	10956.0	8913.0	14823.0	18523.0	15368.0	13204.0	27498.0	53951.0	29017.0	6620.0	8399.0	3744.0	6215.0	5802.0	12041.0	15053.0	5505.0
Pseudescherichia	757.0	2283.0	1040.0	2852.0	71.0	90.0	72.0	88.0	66.0	94.0	82.0	1674.0	101.0	81.0	94.0	61.0	45.0	49.0	64.0	95.0	181.0	2099.0	151.0	600.0	446.0	719.0	1290.0	1098.0	182.0
Kosakonia	618.0	2575.0	4592.0	1166.0	2570.0	2269.0	1626.0	1678.0	1202.0	1215.0	1953.0	1588.0	1901.0	1316.0	1047.0	645.0	390.0	215.0	189.0	376.0	5456.0	1323.0	835.0	957.0	1137.0	851.0	1189.0	657.0	6044.0
Cronobacter	163.0	528.0	860.0	389.0	946.0	1249.0	1228.0	1989.0	2305.0	2774.0	3167.0	482.0	3199.0	2603.0	3207.0	2538.0	3085.0	3278.0	3099.0	4183.0	1969.0	428.0	1165.0	381.0	333.0	223.0	362.0	272.0	537.0
Cedecea	130.0	210.0	370.0	238.0	245.0	224.0	198.0	232.0	175.0	223.0	332.0	273.0	303.0	250.0	175.0	92.0	55.0	39.0	17.0	22.0	1074.0	1456.0	302.0	348.0	516.0	360.0	557.0	509.0	1212.0
Pseudocitrobacter	107.0	70.0	86.0	35.0	36.0	44.0	15.0	13.0	3.0	1.0	2.0	257.0		1.0	1.0	1.0		1.0	3.0		2.0	194.0	280.0	21.0	37.0	28.0	57.0	28.0	2.0
Pluralibacter	64.0	45.0	69.0	38.0	44.0	27.0	16.0	16.0	8.0	8.0	6.0	193.0	6.0	1.0	13.0	5.0	3.0	5.0	8.0	14.0	8.0	117.0	153.0	29.0	53.0	28.0	62.0	32.0	11.0
Shigella	1264.0	1435.0	4410.0	381.0	1276.0	1841.0	2384.0	2182.0	3367.0	2813.0	3550.0	3009.0	4699.0	2387.0	4609.0	4298.0	7380.0	6195.0	4161.0	6565.0	2885.0	1518.0	2903.0	641.0	1883.0	1018.0	1002.0	639.0	301.0
Yokenella	36.0	46.0	92.0	14.0	41.0	26.0	31.0	20.0	6.0	7.0	19.0	56.0	18.0	9.0	15.0	12.0	9.0	17.0	8.0	14.0	9.0	38.0	54.0	17.0	31.0	23.0	30.0	37.0	7.0
Scandinavium	31.0	78.0	108.0	35.0	75.0	78.0	42.0	96.0	99.0	101.0	129.0	104.0	124.0	100.0	134.0	100.0	131.0	136.0	123.0	118.0	57.0	70.0	95.0	8.0	22.0	11.0	33.0	20.0	10.0
Superficieibacter	21.0	58.0	124.0	35.0	54.0	50.0	34.0	42.0	37.0	41.0	48.0	59.0	51.0	36.0	61.0	34.0	41.0	49.0	35.0	37.0	34.0	38.0	50.0	25.0	28.0	30.0	38.0	52.0	24.0
Trabulsiella	22.0	56.0	112.0	32.0	41.0	34.0	17.0	20.0	15.0	5.0	25.0	46.0	18.0	8.0	13.0	5.0	2.0	1.0		2.0	29.0	119.0	55.0	67.0	74.0	49.0	131.0	60.0	36.0
Siccibacter	15.0	28.0	42.0	11.0	24.0	22.0	12.0	25.0	13.0	24.0	30.0	35.0	19.0	17.0	13.0	10.0	8.0	4.0	5.0	17.0	69.0	26.0	48.0	26.0	33.0	35.0	28.0	14.0	66.0
Shimwellia	10.0	26.0	32.0	57.0	14.0	14.0	11.0	6.0	6.0		1.0	13.0	3.0	1.0	2.0	2.0		4.0	3.0	6.0	1.0	18.0	23.0	7.0	39.0	41.0	119.0	132.0	
Franconibacter	7.0	35.0	31.0	10.0	25.0	30.0	10.0	42.0	31.0	44.0	43.0	28.0	40.0	24.0	41.0	27.0	47.0	47.0	33.0	43.0	12.0	15.0	21.0	17.0	14.0	9.0	7.0	7.0	5.0
Plesiomonas	5.0	3.0	5.0	1.0	4.0	4.0	2.0	2.0	1.0			16.0			1.0							6.0	17.0	4.0	2.0	2.0	3.0	1.0	
Jejubacter	7.0	6.0	14.0	3.0	5.0	4.0		2.0	2.0		2.0	20.0				1.0		1.0	1.0	2.0		12.0	14.0	9.0	9.0	2.0	6.0	13.0	
Morganella	105472.0	6.0	29.0	9.0	121.0	151.0	81.0	155.0	14.0	12.0	16.0	131240.0	18.0	16.0	23.0	8.0	12.0	111.0	151.0	82.0	207.0	74885.0	152378.0	725.0	105.0	66.0	24.0	27.0	203.0
Providencia	5247.0	9.0	22.0	6.0	14.0	16.0	12.0	22.0	10.0	8.0	11.0	4251.0	9.0	16.0	6.0	7.0	6.0	11.0	8.0	8.0	47.0	831.0	9092.0	35.0	8.0	14.0	8.0	11.0	45.0
Proteus	291.0	2.0	7.0	9.0	6.0	3.0	8.0	2.0	3.0	2.0	2.0	121.0	2.0	4.0	5.0	3.0	3.0	4.0	8.0	19.0	4.0	2287.0	656.0	54.0	42.0	14.0	20.0	6.0	1.0
Xenorhabdus	13.0	8.0	11.0	6.0	8.0	3.0	6.0	3.0	1.0	7.0	3.0	31.0	4.0	2.0	5.0	4.0	1.0	2.0	4.0	7.0	7.0	8.0	22.0	36.0	21.0	13.0	26.0	13.0	5.0
Moellerella	15.0	8.0	15.0	3.0	4.0	8.0	3.0	4.0	1.0	4.0		10.0	3.0	5.0	2.0				4.0	3.0	4.0	9.0	39.0	64.0	58.0	18.0	24.0	4.0	
Photorhabdus	9.0	3.0	5.0	1.0	2.0	4.0	3.0	1.0	1.0	2.0	1.0	12.0			2.0	2.0	3.0			4.0	3.0	2.0	7.0	3.0	6.0	5.0	12.0	4.0	1.0
Arsenophonus	4.0				1.0	1.0	1.0	2.0	1.0	1.0	1.0	8.0	2.0		3.0	1.0		3.0		5.0	2.0	2.0	2.0		1.0		4.0	1.0	
Hafnia	8851.0	3925.0	4762.0	3444.0	1771.0	649.0	568.0	1155.0	1073.0	215.0	169.0	24232.0	108.0	61.0	275.0	698.0	642.0	858.0	6258.0	15836.0	12773.0	3775.0	128046.0	130245.0	213671.0	129478.0	87704.0	4036.0	389.0
Obesumbacterium	628.0	2.0	1.0			2.0	1.0					293.0						3.0	1.0			13.0	223.0	116.0	244.0	164.0	113.0	5.0	
Edwardsiella	133.0	91.0	79.0	535.0	82.0	71.0	36.0	51.0	27.0	23.0	18.0	235.0	45.0	21.0	22.0	13.0	9.0	16.0	14.0	13.0	32.0	107.0	137.0	413.0	705.0	551.0	1227.0	1282.0	62.0
Serratia	2633.0	891.0	4290.0	864.0	8303.0	22005.0	41180.0	30492.0	17780.0	1195.0	1486.0	4084.0	1586.0	1154.0	1044.0	805.0	688.0	740.0	559.0	785.0	2993.0	2610.0	4072.0	17497.0	19263.0	10731.0	122418.0	86562.0	3184.0
Yersinia	1242.0	285.0	431.0	340.0	180.0	187.0	317.0	206.0	154.0	115.0	188.0	2057.0	294.0	178.0	143.0	81.0	156.0	96.0	56.0	144.0	527.0	1932.0	1044.0	806.0	754.0	466.0	541.0	193.0	446.0
Rahnella	1032.0	68.0	114.0	29.0	65.0	69.0	40.0	33.0	27.0	28.0	42.0	2844.0	34.0	24.0	30.0	17.0	10.0	2.0	4.0	5.0	72.0	4310.0	676.0	40.0	113.0	67.0	124.0	99.0	106.0
Ewingella	29.0	1.0	4.0		5.0	2.0	3.0	2.0				346.0								1.0		760.0	10.0	2.0	1.0	2.0	2.0	2.0	
Rouxiella	8.0	23.0	64.0	11.0	20.0	15.0	5.0	4.0	3.0	2.0	4.0	18.0	2.0	2.0	1.0	2.0	2.0		1.0	2.0	1.0	20.0	26.0	18.0	12.0	1.0	4.0	1.0	
Chimaeribacter	6.0	8.0	12.0	3.0	8.0	4.0	4.0	1.0	1.0			4.0										5.0	11.0	8.0	22.0	34.0	42.0	2.0	
Chania	2.0	3.0	5.0		1.0	8.0	6.0	8.0	5.0	2.0	1.0	2.0	5.0		2.0			1.0		1.0	5.0		10.0	1.0	2.0		1.0		12.0
Nissabacter	2.0	2.0	2.0	3.0	2.0	2.0		1.0				2.0										3.0	2.0	3.0	4.0		1.0		
Gibbsiella	1.0	7.0	11.0	3.0	2.0	6.0	7.0	11.0		1.0		9.0				1.0				1.0		6.0	8.0	20.0	12.0	3.0	6.0	4.0	
Pantoea	252.0	549.0	826.0	318.0	546.0	452.0	281.0	292.0	177.0	138.0	185.0	455.0	163.0	140.0	161.0	133.0	109.0	105.0	79.0	115.0	207.0	415.0	722.0	788.0	1361.0	1259.0	1033.0	454.0	197.0
Erwinia	242.0	281.0	494.0	96.0	223.0	188.0	135.0	145.0	77.0	58.0	63.0	778.0	107.0	49.0	61.0	34.0	28.0	32.0	22.0	20.0	124.0	146.0	517.0	235.0	276.0	203.0	247.0	173.0	158.0
Mixta	22.0	32.0	84.0	20.0	13.0	12.0	10.0	13.0		8.0	1.0	15.0	4.0	5.0	1.0	3.0	3.0	7.0	5.0	2.0	1.0	33.0	24.0	19.0	32.0	10.0	14.0	1.0	2.0
Tatumella	4.0	10.0	4.0	1.0	5.0	4.0	7.0	2.0				9.0		1.0			1.0	1.0		2.0		3.0	1.0	2.0	3.0	2.0	1.0	2.0	
Buchnera	3.0						1.0	1.0	1.0			2.0					2.0			1.0			1.0	1.0		1.0	1.0		
Duffyella	5.0	14.0	23.0	2.0	11.0		1.0	1.0			1.0	13.0										12.0	17.0	6.0	35.0	14.0	11.0	3.0	
Winslowiella	1.0	9.0	16.0	11.0	1.0	2.0		1.0			2.0	11.0								2.0		8.0	2.0		3.0	3.0	11.0	10.0	
Pectobacterium	242.0	217.0	447.0	150.0	210.0	226.0	195.0	201.0	114.0	131.0	164.0	568.0	171.0	103.0	110.0	78.0	49.0	40.0	40.0	76.0	382.0	239.0	672.0	1120.0	818.0	448.0	707.0	350.0	450.0
Dickeya	100.0	238.0	442.0	85.0	216.0	245.0	145.0	231.0	200.0	256.0	334.0	242.0	316.0	221.0	278.0	198.0	182.0	188.0	171.0	189.0	454.0	104.0	273.0	283.0	251.0	194.0	204.0	89.0	534.0
Brenneria	21.0	27.0	47.0	24.0	28.0	31.0	52.0	31.0	9.0			54.0				2.0		1.0				30.0	55.0	11.0	12.0	7.0	6.0	7.0	
Prodigiosinella	27.0								2.0		2.0	49.0						2.0	7.0			19.0	31.0	10.0	4.0	4.0			
Lonsdalea	4.0	26.0	42.0	8.0	12.0	9.0	6.0	5.0	2.0			7.0		1.0			1.0				1.0	10.0	12.0	18.0	8.0	1.0	4.0	8.0	
Sodalis	8.0	14.0	22.0	5.0	7.0	13.0	5.0	2.0	5.0	2.0	1.0	9.0	5.0	2.0	3.0	1.0	1.0	1.0	1.0	3.0	2.0	6.0	12.0	4.0	6.0	2.0	7.0	4.0	
Leminorella	3.0	8.0	9.0	3.0	4.0	3.0	4.0	1.0	1.0			1.0										3.0	1.0	2.0	2.0	1.0	1.0		
Limnobaculum	1.0	6.0	9.0	2.0	3.0	2.0	4.0	10.0	6.0	3.0	10.0	4.0	4.0	1.0	7.0	2.0	8.0	7.0	3.0	8.0	7.0	3.0	2.0	3.0		5.0	5.0		4.0
Gallaecimonas	2.0		2.0				1.0			1.0		2.0															2.0	2.0	
Acinetobacter	32688.0	5.0	4.0	2.0	43.0	19.0	43.0	85.0	22.0	70.0	77.0	18566.0	124.0	25.0	19.0	16.0	21.0	109.0	33.0	64.0	83.0	35782.0	69073.0	3417.0	144.0	195.0	48.0	23.0	63.0
Moraxella	125.0							1.0				8.0		5.0		1.0	1.0	2.0		11.0	2.0	10.0	2.0			1.0	1.0	1.0	
Psychrobacter	4.0	1.0			1.0							3.0						1.0				6.0	3.0			1.0			
Pseudomonas	6486.0	194.0	295.0	153.0	169.0	248.0	178.0	181.0	111.0	36.0	36.0	7976.0	45.0	34.0	32.0	47.0	41.0	79.0	193.0	447.0	240.0	11736.0	19425.0	1186.0	260.0	130.0	1637.0	484.0	35.0
Stutzerimonas	105.0	2.0			6.0	1.0	3.0	4.0		1.0		54.0			2.0					2.0		80.0	8.0		8.0		1.0	1.0	
Halopseudomonas	5.0					2.0	1.0		1.0	2.0	1.0	21.0				5.0	2.0		1.0	2.0		12.0	4.0		2.0	2.0			
Denitrificimonas	3.0											1.0										2.0							
Azotobacter	2.0											6.0										2.0							
Marinobacter	26.0	1.0	2.0			9.0	1.0	2.0	1.0	16.0	17.0	24.0				4.0	4.0	1.0	12.0	5.0		17.0	23.0	13.0	13.0	20.0	4.0	4.0	9.0
Shewanella	2793.0	7.0	5.0	7.0	5.0	13.0	9.0	8.0	61.0	8.0	13.0	2192.0	63.0	5.0	9.0	11.0	5.0	10.0	4.0	16.0	17.0	2085.0	127.0	19.0	36.0	10.0	31.0	12.0	37.0
Alteromonas	818.0	6.0	165.0	39.0	35.0	127.0	812.0	193.0	253.0	615.0	1401.0	813.0	12.0	41.0	8.0	299.0	87.0	52.0	224.0	1651.0	412.0	1666.0	897.0	1126.0	638.0	1135.0	17.0	42.0	700.0
Salinimonas	1.0						2.0			1.0										4.0		1.0	2.0	2.0			1.0		
Alkalimarinus	4.0											2.0										1.0							
Agarivorans	1.0											1.0	1.0	1.0			1.0						1.0		2.0			1.0	
Lacimicrobium	1.0																					2.0	1.0						
Pseudoalteromonas	147.0	2.0	5.0	101.0	141.0		14.0	29.0	11.0	8.0	9.0	52.0	11.0	10.0		4.0	240.0	278.0	2.0	20.0	47.0	29.0	37.0	25.0	19.0	10.0	26.0	8.0	92.0
Thalassotalea	7.0				1.0								1.0									1.0							
Colwellia	1.0	3.0		9.0		1.0	1.0					8.0								1.0		3.0	9.0	10.0	12.0	14.0	23.0	11.0	
Idiomarina	6.0					2.0			1.0			5.0			2.0		2.0	2.0	3.0			8.0	1.0						
Ferrimonas	2.0											5.0	1.0									2.0		1.0		1.0	2.0		
Vibrio	332.0	44.0	55.0	29.0	67.0	19.0	22.0	17.0	14.0	50.0	14.0	480.0	26.0	14.0	14.0	80.0	23.0	83.0	15.0	37.0	18.0	238.0	258.0	68.0	159.0	68.0	81.0	51.0	31.0
Photobacterium	20.0	5.0		7.0	5.0	4.0	6.0	5.0	4.0	3.0	4.0	18.0	3.0	1.0	9.0	5.0	11.0	12.0	3.0	4.0	1.0	20.0	4.0		2.0	1.0	2.0	2.0	3.0
Salinivibrio	1.0										1.0	3.0										1.0							
Enterovibrio	1.0																												
Aliivibrio	1.0											1.0											1.0					1.0	
Thaumasiovibrio	1.0					1.0						3.0																	
Stenotrophomonas	108.0	8.0	7.0	9.0	3.0	3.0	3.0	3.0	4.0	3.0	4.0	67.0	9.0	10.0	7.0	6.0	8.0	18.0	2.0	7.0	9.0	82.0	37.0	10.0	16.0	13.0	22.0	22.0	5.0
Xanthomonas	40.0		1.0	4.0				2.0				37.0						1.0				27.0	47.0	9.0			2.0	5.0	1.0
Pseudoxanthomonas	10.0	1.0	2.0	1.0	1.0			1.0	1.0			1.0	1.0	1.0	1.0	1.0	1.0	1.0	1.0		1.0	2.0	12.0	2.0	3.0	1.0	2.0	4.0	1.0
Lysobacter	4.0											1.0			1.0							4.0	7.0	1.0					
Thermomonas	2.0																						1.0						
Xylella	1.0											2.0										2.0	1.0						
Pseudolysobacter	1.0																												
Frateuria	2.0											1.0											2.0						
Rhodanobacter	2.0		1.0	1.0	1.0		3.0	3.0	1.0						1.0									1.0		1.0	4.0	2.0	
Legionella	108.0	21.0	19.0	31.0	17.0	19.0	22.0	27.0	7.0	6302.0	5240.0	48.0	6383.0	5737.0	4082.0	4886.0	7195.0	4579.0	5072.0	7354.0	4664.0	24.0	71.0	29.0	90.0	47.0	49.0	43.0	44.0
Rickettsiella	47.0											1.0	1.0					1.0											
Halomonas	23.0	3.0	7.0	3.0	5.0	4.0	1.0	9.0	2.0	5.0	6.0	23.0	4.0	3.0	6.0	2.0	2.0	18.0	2.0	7.0	6.0	20.0	13.0		6.0	3.0	3.0	7.0	1.0
Vreelandella	12.0						1.0		4.0	2.0	8.0	10.0	9.0	2.0		4.0	3.0		12.0	8.0	1.0	3.0	3.0						1.0
Cobetia	3.0		1.0							3.0	1.0	3.0		1.0			1.0				1.0	4.0	1.0	2.0		1.0		1.0	4.0
Chromohalobacter	2.0											1.0										1.0							
Salinicola	2.0									1.0												2.0	4.0	3.0	5.0	6.0	4.0		1.0
Pistricoccus	1.0																												
Thalassolituus	11.0										3.0	5.0					1.0			1.0		4.0	4.0	3.0	5.0	1.0			1.0
Marinobacterium	2.0											1.0					1.0					2.0	7.0						
Aliamphritea	2.0		1.0	2.0	2.0							3.0						1.0	2.0	4.0	1.0	2.0							
Marinomonas	1.0								1.0			5.0	1.0			1.0			1.0	4.0		1.0							
Amphritea	1.0																												
Bacterioplanoides	1.0		1.0	1.0						2.0		1.0	4.0	3.0		1.0	7.0					2.0	1.0	2.0	3.0	1.0	1.0	2.0	3.0
Venatoribacter	1.0														1.0		1.0												
Alcanivorax	8.0				1.0							4.0					1.0	2.0				9.0		1.0			1.0		3.0
Isoalcanivorax	2.0											1.0										2.0					1.0		
Alloalcanivorax	1.0	1.0										1.0											1.0		1.0				
Saccharospirillum	2.0											1.0																	
Oleiphilus	1.0											1.0													2.0	3.0	1.0		
Hahella	1.0											2.0										3.0			1.0				
Thiothrix	29.0		1.0																				1.0						
Methylophaga	4.0			1.0				1.0		2.0	1.0	6.0		1.0	2.0		2.0	2.0				1.0	1.0		1.0				
Thiomicrorhabdus	3.0											1.0							1.0			3.0							
Francisella	4.0		1.0	2.0							3.0	2.0		1.0	1.0				1.0				3.0	3.0	10.0	5.0	2.0	1.0	
Acidihalobacter	6.0											6.0																	
Ectothiorhodospira	2.0											1.0										3.0	29.0						
Thioalkalivibrio	2.0																					2.0	1.0						
Halothiobacillus	12.0											14.0										6.0	1.0						
Rheinheimera	4.0					2.0	2.0	7.0	5.0	10.0	13.0	6.0	17.0		9.0	6.0	13.0	16.0	4.0	14.0	2.0	8.0	3.0		1.0	1.0	1.0		
Allochromatium	2.0																												
Nitrosococcus	1.0																						1.0						
Gilliamella	14.0				1.0	1.0	3.0	1.0	1.0	2.0	4.0	3.0	4.0	1.0	4.0		1.0		1.0		13.0	1.0	2.0	3.0	3.0	1.0		1.0	12.0
Frischella	13.0																						1.0						
Zophobihabitans	1.0											4.0											1.0						
Methylococcus	13.0								1.0			16.0										5.0	1.0				1.0		1.0
Methylocaldum	6.0							2.0				1.0										5.0							
Methylomonas	3.0											3.0										4.0							
Methylomagnum	2.0																												
Candidatus Methylospira	2.0					1.0																2.0							
Methylovulum	1.0																												
Pasteurella	7.0									3.0		3.0	1.0	2.0			1.0	4.0		1.0	5.0	1.0	13.0	3.0		2.0	1.0		
Haemophilus	4.0						1.0		1.0			1.0	1.0						1.0	3.0	3.0	4.0	2.0				3.0		
Histophilus	9.0											1.0								1.0		2.0					1.0	1.0	
Aggregatibacter	2.0					1.0						2.0											3.0					2.0	
Mannheimia	1.0		1.0		1.0							1.0										3.0			1.0				
Avibacterium	1.0				1.0				3.0													1.0						1.0	
Actinobacillus	1.0											1.0										1.0							
Basfia	1.0																							1.0					
Mergibacter	1.0																					1.0							
Cellvibrio	4.0	1.0	1.0		7.0	14.0	10.0	22.0	8.0	11.0	23.0	1.0	17.0	16.0	11.0	11.0	2.0			3.0	73.0	1.0	10.0	12.0	12.0	8.0	8.0	7.0	90.0
Teredinibacter	3.0											2.0											1.0						
Marinagarivorans	1.0									1.0								2.0											
Halioglobus	2.0	1.0	5.0			2.0				1.0		2.0		1.0	2.0	1.0			2.0				2.0	2.0		1.0		1.0	3.0
Candidatus Paraluminiphilus	1.0				1.0							1.0				2.0													
Microbulbifer	2.0	1.0	1.0		1.0		1.0					4.0		1.0								1.0	3.0						1.0
Oceanicoccus	1.0																							1.0					
Sinimarinibacterium	14.0											15.0										15.0	1.0						
Solimonas	1.0					1.0																							
Sulfurivermis	5.0											2.0										2.0							
Salinisphaera	2.0											1.0										2.0							
Candidatus Vondammii	1.0																												
Celerinatantimonas	1.0											1.0																	
Candidatus Azoamicus	1.0																												
Dichelobacter	1.0																												
Acidiferrobacter	1.0																												
Immundisolibacter	1.0																					2.0	1.0						
Steroidobacter	1.0											1.0										1.0							
Microvirgula	51080.0	1.0		1.0	51.0	59.0	90.0	39.0	3.0	1.0	1.0	53420.0	1.0		1.0			52.0	65.0	102.0	73.0	91697.0	57771.0	2114.0		2.0		1.0	73.0
Laribacter	216.0						1.0					116.0										85.0	11.0						1.0
Aquaspirillum	50.0											18.0										47.0							
Aquitalea	1847.0				1.0	5.0	6.0					3485.0						2.0	5.0	4.0		8442.0	419.0	7.0					4.0
Paludibacterium	352.0		2.0				2.0					223.0						1.0				216.0	21.0						
Chromobacterium	191.0	1.0	2.0	1.0	3.0	1.0	1.0	2.0				179.0									1.0	394.0	1113.0				3.0		1.0
Vogesella	40.0											44.0										57.0	4.0		1.0				
Pseudogulbenkiania	11.0											14.0										25.0	7.0						
Uruburuella	723.0				1.0							394.0										326.0	3.0	2.0					
Vitreoscilla	21.0											17.0										12.0						1.0	
Neisseria	19.0			4.0			1.0	4.0	3.0	8.0	6.0	12.0	6.0	5.0	3.0	1.0	5.0	2.0		4.0		16.0	9.0		8.0			3.0	
Kingella	7.0											8.0										14.0	2.0				1.0	1.0	
Paralysiella	7.0											1.0										1.0	4.0						
Crenobacter	3.0											3.0										4.0							
Morococcus	6.0																												
Jeongeupia	5.0											4.0										3.0	1.0						
Deefgea	5.0			1.0								1.0																	
Chitiniphilus	5.0											3.0										7.0		1.0					
Iodobacter	1.0											1.0														2.0			
Chitinibacter	1.0											5.0										4.0							
Chitinimonas	1.0											1.0										2.0	2.0						
Azospira	40941.0				62.0	4.0	20.0			1.0	1.0	8363.0						43.0	8.0	22.0	2.0	18954.0	735.0	40.0					28.0
Propionivibrio	18.0											8.0										5.0							
Aromatoleum	22.0											1.0																	
Oryzomicrobium	17.0											12.0										6.0							
Quatrionicoccus	463.0			2.0	8.0	7.0						110.0						1.0				161.0	2.0					1.0	
Dechloromonas	224.0	6.0										48.0										95.0	1.0			1.0			
Ferribacterium	80.0											39.0										53.0	1.0						
Pseudothauera	36.0						2.0					18.0			1.0							57.0	4.0					1.0	
Thauera	37.0											21.0										36.0	11.0	1.0	1.0				
Parazoarcus	11.0											2.0										6.0	8.0						
Azoarcus	9.0											10.0										6.0	3.0						
Nitrogeniibacter	3.0											3.0										3.0		1.0					
Denitromonas	1.0																					1.0							
Fluviibacter	1.0											2.0										1.0							
Comamonas	5229.0	1135.0	2583.0	2837.0	2211.0	691.0	200.0	108.0	30.0	6.0		15269.0	8.0	12.0		1.0	10.0	11.0	23.0	27.0	92.0	19645.0	69060.0	9507.0	4178.0	386.0	6736.0	5735.0	47.0
Acidovorax	1257.0	30.0	57.0	88.0	68.0	7.0	18.0	10.0	15.0	2.0	7.0	536.0	6.0	14.0	12.0	9.0	6.0	12.0	4.0	13.0	11.0	507.0	1260.0	313.0	154.0	28.0	182.0	161.0	21.0
Delftia	394.0	30.0	372.0	850.0	241.0	173.0		72.0	5.0	1.0	2.0	471.0	3.0		1.0	2.0		5.0	2.0	14.0	10.0	948.0	2901.0	1319.0	576.0	141.0	1119.0	1171.0	9.0
Diaphorobacter	197.0	44.0	28.0	25.0	25.0	3.0	1.0		10.0	1.0	2.0	183.0			1.0						2.0	167.0	1064.0	257.0	91.0	8.0	130.0	124.0	1.0
Melaminivora	57.0	6.0	10.0	4.0	9.0	16.0		6.0	11.0			12.0										12.0	40.0	6.0	3.0	5.0	5.0	24.0	
Paracidovorax	122.0	64.0		28.0	12.0							33.0										202.0	497.0	134.0	80.0		113.0	54.0	
Hydrogenophaga	22.0		3.0	11.0	9.0	3.0			1.0			24.0	3.0	1.0						1.0		22.0	200.0	45.0	22.0	4.0	28.0	31.0	2.0
Rhodoferax	16.0	8.0	19.0	21.0	18.0	15.0	14.0	35.0	22.0	10.0		5.0			1.0							7.0	128.0	36.0	12.0	6.0	34.0	44.0	1.0
Alicycliphilus	71.0			7.0			9.0		3.0	2.0		13.0	3.0			6.0		6.0	3.0			57.0	375.0	102.0	17.0			23.0	
Ottowia	11.0		1.0		3.0							9.0										14.0	67.0	17.0	6.0		6.0	4.0	
Polaromonas	8.0		2.0									4.0										4.0	21.0	3.0	2.0		3.0		
Variovorax	8.0	4.0	5.0	5.0	5.0				1.0			10.0	2.0	1.0							1.0	15.0	153.0	19.0	3.0	1.0	12.0	25.0	1.0
Verminephrobacter	4.0																					4.0	11.0				1.0		
Candidatus Symbiobacter	4.0											2.0										3.0							
Serpentinimonas	3.0											4.0				1.0						6.0	3.0		1.0	1.0		1.0	
Simplicispira	2.0		3.0																				32.0	2.0	2.0		5.0		
Limnohabitans	2.0			1.0	2.0							4.0										5.0	45.0	15.0	3.0		14.0	5.0	
Curvibacter	1.0			7.0																		1.0	8.0	8.0					
Paenacidovorax	1.0																					2.0	64.0		2.0		5.0		
Oxalobacter	421.0				1.0							54.0						1.0				3.0					1.0		1.0
Janthinobacterium	61.0	1.0		6.0		4.0	1.0	1.0		1.0		122.0		2.0	4.0		1.0		2.0	1.0		215.0	88.0	26.0	45.0	5.0	12.0	7.0	
Massilia	9.0							1.0		1.0	1.0	14.0	1.0	1.0	1.0	3.0	1.0	2.0	1.0	4.0		19.0	13.0	4.0			4.0		
Pseudoduganella	6.0											5.0										2.0	5.0		3.0		1.0	1.0	
Rugamonas	3.0											1.0							1.0	3.0		1.0							
Herbaspirillum	9.0		5.0	2.0	4.0		1.0	1.0	1.0			4.0	1.0		1.0							11.0	21.0	2.0		1.0	1.0	1.0	1.0
Collimonas	9.0							1.0														5.0	2.0						
Undibacterium	1.0											10.0										1.0		1.0	1.0			1.0	
Noviherbaspirillum	1.0											1.0																	
Pandoraea	207.0											25.0							1.0			102.0	23.0	1.0	1.0				1.0
Cupriavidus	145.0	4.0	5.0	1.0				1.0	1.0	1.0	3.0	68.0						2.0		1.0	1.0	83.0	106.0	10.0	5.0	1.0	3.0	3.0	
Burkholderia	86.0	50.0	82.0	64.0	86.0	56.0	65.0	126.0	63.0	21.0		57.0	1.0		2.0	2.0		2.0		4.0		84.0	63.0	83.0	42.0	31.0	94.0	221.0	1.0
Ralstonia	49.0	1.0		2.0	3.0			1.0				20.0				2.0						49.0	53.0	4.0	1.0		2.0	1.0	
Paraburkholderia	11.0			1.0		1.0	1.0		1.0			11.0			1.0							14.0	7.0	2.0			1.0	2.0	
Polynucleobacter	2.0											4.0										5.0	5.0	1.0	2.0		1.0	2.0	
Mycetohabitans	1.0																					1.0							
Bordetella	97.0	17.0	26.0	21.0	9.0	5.0						50.0										67.0	103.0	63.0	24.0	1.0	49.0	51.0	
Alcaligenes	36.0				1.0	1.0	1.0	8.0	5.0	12.0	11.0	41.0	14.0		11.0	5.0	9.0	16.0	11.0	10.0	4.0	27.0	11.0	3.0	6.0	4.0	1.0	2.0	2.0
Achromobacter	98.0	2.0	2.0	1.0	1.0	1.0						28.0									1.0	40.0	51.0	6.0	3.0		10.0	5.0	
Kerstersia	3.0											1.0										8.0	1.0						
Neopusillimonas	2.0											1.0										5.0	1.0			1.0			
Pigmentiphaga	1.0				2.0	1.0	1.0	8.0	4.0	11.0	9.0	1.0	17.0	4.0	12.0	4.0	5.0	10.0	5.0	8.0	2.0	4.0	2.0						
Pusillimonas	1.0																					3.0	1.0						
Orrella	1.0									1.0		1.0										3.0	6.0	1.0					
Pollutimonas	1.0											1.0																	
Taylorella	1.0														22.0								22.0						
Roseateles	22.0		1.0	1.0	1.0						1.0	11.0										14.0	61.0	4.0			4.0	2.0	
Caldimonas	19.0	2.0	13.0	1.0		4.0	5.0	6.0	7.0	6.0	1.0	3.0	8.0		2.0	1.0	1.0	8.0	6.0	17.0	1.0	10.0	2.0	3.0	3.0		37.0	4.0	17.0
Sphaerotilus	10.0					1.0						5.0										2.0	1.0	1.0					
Ideonella	14.0			3.0								55.0										20.0	20.0				3.0		
Leptothrix	3.0						1.0															1.0		1.0					
Aquincola	2.0							2.0	1.0	1.0	1.0			1.0	1.0				1.0	1.0		2.0	5.0				5.0	3.0	2.0
Piscinibacter	1.0																					2.0	7.0				1.0		
Thiomonas	10.0		1.0	2.0	1.0							4.0										4.0	2.0					1.0	
Xylophilus	1.0		3.0	1.0								1.0										2.0	12.0				2.0	2.0	
Sutterella	7.0						32.0													42.0		17.0	1.0		1.0				1.0
Turicimonas	1.0																												
Duodenibacillus	1.0					17.0						15.0			1.0				29.0										
Denitratisoma	11.0											11.0										10.0							
Rugosibacter	6.0								1.0			2.0						1.0				1.0							
Sterolibacterium	4.0											2.0										6.0	2.0						
Sulfuricystis	3.0											1.0										6.0	1.0						
Methyloversatilis	1.0																					1.0							
Sulfurimicrobium	7.0											2.0											1.0						
Sulfuriferula	3.0											3.0										7.0	2.0					1.0	
Methylobacillus	2.0			1.0								4.0										1.0	3.0	1.0			1.0		
Methylovorus	2.0																					6.0							
Methylophilus	1.0											1.0										1.0							
Candidatus Methylopumilus	1.0																												
Sideroxyarcus	2.0																					2.0							
Sideroxydans	1.0																												
Candidatus Nitrotoga	1.0																					1.0							
Ferriphaselus	1.0																												
Thiobacillus	4.0								1.0													5.0							
Sulfuritortus	1.0								1.0			7.0										3.0	1.0						
Nitrosomonas	2.0											9.0			1.0			1.0		1.0		8.0	1.0						
Nitrosospira	1.0																												
Usitatibacter	1.0																						2.0	1.0					
Ferrovum	4.0											7.0										5.0							
Casimicrobium	2.0																												
Pleomorphomonas	141.0											55.0										84.0							
Hartmannibacter	1.0																												
Rhizobium	36.0		4.0		1.0			2.0				45.0		3.0						1.0		18.0	39.0	6.0	2.0	1.0			
Pararhizobium	3.0	1.0													1.0								1.0						1.0
Agrobacterium	1.0	1.0	7.0		6.0	5.0		2.0	2.0	3.0		8.0	9.0	7.0	5.0	4.0	5.0	11.0	8.0	15.0	7.0	18.0	8.0	1.0			1.0		
Shinella	41.0	4.0	4.0	4.0	4.0	1.0	5.0					20.0										116.0	22.0	19.0			11.0	9.0	
Sinorhizobium	1.0											1.0										2.0							
Liberibacter	1.0		1.0						4.0											3.0							4.0		
Methylobacterium	24.0	19.0	9.0	14.0	4.0	10.0	14.0	16.0	13.0	12.0	16.0	42.0	16.0	15.0	19.0	16.0	12.0	11.0	19.0	29.0	18.0	18.0	18.0	13.0	35.0	15.0	25.0	22.0	17.0
Methylorubrum	14.0			4.0				5.0						1.0	3.0		6.0			4.0		5.0			2.0		1.0		7.0
Bradyrhizobium	9.0	23.0	66.0	6.0	35.0	16.0	5.0	12.0	4.0		1.0	10.0	1.0	2.0	3.0	2.0	1.0	1.0	1.0	1.0	1.0	13.0	5.0	45.0	5.0	4.0	5.0	4.0	4.0
Afipia	7.0											6.0										5.0							
Bartonella	10.0											3.0										2.0	1.0	1.0	2.0	2.0			
Bosea	9.0	2.0			1.0						1.0	1.0			1.0	1.0		1.0		2.0	1.0		1.0						1.0
Xanthobacter	8.0																					3.0							
Aminobacter	41.0		30.0	3.0					3.0			2.0										22.0	26.0	17.0	22.0		14.0	22.0	
Mesorhizobium	1.0											2.0		1.0				1.0		2.0		1.0	1.0	1.0					
Methylosinus	4.0											2.0										1.0	2.0						
Pseudochrobactrum	4.0											1.0										1.0							
Brucella	32.0		4.0	9.0	3.0	4.0						210.0		26.0								91.0	156.0	152.0	109.0	35.0	70.0	34.0	1.0
Parvibaculum	13.0											3.0																	
Pannonibacter	22.0											7.0																	
Pseudovibrio	1.0					1.0																							
Devosia	2.0											3.0										1.0							
Pelagibacterium	2.0																												
Enhydrobacter	1.0											1.0																	
Pseudorhodoplanes	1.0																												
Martelella	7.0																					1.0							
Cohaesibacter	2.0											8.0										3.0							
Phreatobacter	2.0							1.0														1.0							
Hyphomicrobium	3.0											1.0																	
Acuticoccus	1.0																												
Breoghania	1.0																												
Candidatus Pelagibacter	269.0	83.0	146.0	66.0	55.0	33.0	98.0	131.0	74.0	173.0	128.0	291.0	232.0	138.0	82.0	224.0	98.0	112.0	83.0	166.0	261.0	315.0	280.0	337.0	168.0	112.0	184.0	103.0	226.0
Tritonibacter	217.0	6.0	8.0	1.0		133.0	15.0		1.0	249.0	149.0	287.0		5.0	1.0	22.0	5.0		209.0	22.0		235.0	170.0	192.0	249.0	166.0	3.0	9.0	154.0
Paracoccus	70.0		9.0									8.0			5.0	1.0			1.0			89.0	1.0	1.0	2.0	1.0	1.0	4.0	
Pseudooceanicola	2.0										1.0	1.0											1.0		1.0				
Marivivens	2.0											2.0																	
Haematobacter	12.0																												
Paroceanicella	2.0																												
Polymorphum	6.0											2.0																	
Cognatishimia	1.0																							1.0					1.0
Gemmobacter	1.0																					1.0							
Abyssibius	1.0																												
Rhodobacter	6.0											1.0											1.0						
Sulfitobacter	38.0		6.0			1.0				72.0	35.0	47.0		1.0	1.0	12.0		1.0	4.0			53.0	38.0	54.0	48.0	32.0			27.0
Ruegeria	6.0		3.0			1.0				13.0	1.0	3.0										5.0	6.0	5.0	4.0	2.0			6.0
Phaeobacter	6.0										2.0	2.0					2.0					1.0	4.0	8.0	9.0	4.0			4.0
Leisingera	1.0				1.0						1.0		1.0			1.0	1.0	6.0				1.0			1.0				
Magnetospirillum	51.0											14.0										32.0							
Pararhodospirillum	2.0																					1.0							
Defluviicoccus	2.0																												
Acetobacter	4.0											3.0										1.0							
Gluconobacter	10.0											2.0										2.0							
Roseomonas	5.0											3.0									1.0	25.0			4.0				
Komagataeibacter	2.0			1.0																		5.0							
Lichenicola	1.0																												
Acidocella	1.0																												
Azospirillum	5.0											3.0										15.0	2.0				3.0		
Skermanella	23.0																					1.0					1.0		
Thalassospira	4.0											2.0										1.0	11.0						
Magnetospira	1.0																												
Aestuariispira	1.0																					1.0							
Varunaivibrio	1.0																						1.0						
Sphingobium	46.0	14.0	3.0	17.0	1.0	2.0	9.0	4.0	10.0	4.0	2.0	9.0	2.0	3.0	4.0	2.0	4.0	4.0	7.0	6.0	8.0	38.0	19.0	11.0	18.0	11.0	9.0	7.0	9.0
Sphingomonas	7.0		3.0					2.0	1.0	1.0		7.0	2.0	7.0	10.0	1.0	4.0	3.0	1.0	4.0	5.0	10.0	6.0	2.0	12.0	2.0	9.0	1.0	2.0
Sphingopyxis	23.0							3.0	1.0		1.0	8.0		1.0	1.0	10.0		2.0	1.0	2.0		6.0	8.0	3.0		1.0		2.0	2.0
Novosphingobium	11.0	7.0	10.0	6.0	4.0	7.0	2.0	1.0	1.0	1.0		10.0		3.0	10.0	1.0			6.0	1.0		8.0	1.0	3.0	4.0				2.0
Qipengyuania	16.0	3.0	2.0												3.0	6.0						8.0	10.0	8.0			2.0	1.0	1.0
Erythrobacter	1.0							1.0																					
Sphingosinicella	4.0																												
Brevundimonas	39.0											15.0		1.0		1.0		1.0		1.0		18.0	1.0	1.0	3.0		3.0	1.0	
Caulobacter	2.0					2.0	2.0	2.0				1.0			3.0	2.0	2.0	2.0		2.0	1.0		1.0		2.0			1.0	
Asticcacaulis	1.0																												1.0
Rickettsia	2.0			1.0																		1.0	2.0	1.0	3.0	1.0	1.0		
Wolbachia	2.0			3.0	1.0							2.0			1.0	1.0						1.0	14.0	6.0	2.0	8.0	12.0	6.0	
Tistrella	4.0														1.0							1.0		1.0					
Hyphobacterium	1.0								1.0																				
Acidithiobacillus	18.0											6.0										2.0	4.0						
Mariprofundus	1.0																												
Bacteroides	514364.0	771.0	1030.0	53.0	884.0	464.0	1098.0	70.0	946.0	2629.0	3720.0	128215.0	4202.0	3282.0	1994.0	2810.0	800.0	1757.0	1351.0	3553.0	679.0	159276.0	62054.0	1645.0	2410.0	557.0	2790.0	2341.0	303.0
Phocaeicola	2556.0	11.0	74.0	1.0	51.0	167.0	399.0	4.0	22.0	55.0	113.0	753.0	141.0	39.0	40.0	161.0	15.0	95.0	250.0	627.0	16.0	1340.0	207.0	27.0	48.0	15.0	72.0	28.0	11.0
Prevotella	11071.0	26.0	69.0	618.0	52.0	49.0	49.0	45.0	59.0	45.0	42.0	6405.0	4.0	25.0			1.0	14.0	4.0	5.0	3.0	2592.0	6808.0	15523.0	60980.0	40417.0	804.0	30257.0	6.0
Segatella	482.0		1.0	1.0		1.0						101.0	1.0	1.0				1.0				89.0	39.0	31.0	159.0	145.0	3.0	44.0	1.0
Paraprevotella	242.0		1.0			1.0	70.0					49.0	1.0						2.0	96.0		181.0	43.0		1.0		1.0		
Hoylesella	35.0																		1.0			16.0		1.0	6.0	5.0		1.0	
Xylanibacter	3.0											1.0										2.0		2.0	5.0	1.0		2.0	
Pseudoprevotella	3.0											2.0																	
Macellibacteroides	5264.0				6.0		1.0					941.0						4.0				1177.0	128.0	4.0					6.0
Porphyromonas	371.0				1.0							82.0				2.0		1.0	1.0			104.0	39.0	1.0	1.0	2.0	1.0		1.0
Acetobacteroides	2984.0				4.0	5.0						4898.0						5.0	5.0	2.0		1945.0	5.0	4.0					3.0
Alistipes	468.0		1.0		1.0	97.0	71.0				2.0	127.0	1.0	2.0	1.0	1.0	2.0		144.0	99.0		107.0	15.0					2.0	1.0
Dysgonomonas	2715.0				2.0		1.0					3199.0						1.0	2.0			464.0	443.0	6.0	13.0	50.0			2.0
Proteiniphilum	359.0				1.0		1.0					47.0						1.0				110.0	42.0						
Petrimonas	394.0											71.0						1.0				88.0	38.0						1.0
Parabacteroides	2749.0	144.0	68.0	6.0	108.0	99.0	327.0	5.0	190.0	533.0	647.0	819.0	1209.0	366.0	346.0	362.0	131.0	252.0	285.0	846.0	135.0	1227.0	452.0	306.0	609.0	49.0	878.0	243.0	5.0
Tannerella	17.0											2.0										6.0							
Paludibacter	266.0				1.0							150.0							1.0			80.0	85.0	5.0	1.0				1.0
Butyricimonas	291.0					7.0				1.0	2.0	87.0		1.0	2.0				4.0	1.0		121.0	90.0				1.0		
Odoribacter	44.0					11.0				2.0		7.0		1.0					9.0				130.0		1.0				1.0
Barnesiella	95.0		1.0		1.0		1.0				2.0	12.0				1.0		1.0	1.0	1.0		23.0	5.0	4.0	17.0			6.0	
Coprobacter	60.0		2.0		1.0	2.0						20.0				1.0			3.0			32.0	24.0	1.0	4.0				
Sodaliphilus	16.0											3.0								2.0		1.0	5.0						
Muribaculum	14.0											1.0										5.0	3.0						
Duncaniella	9.0					1.0						4.0								1.0		2.0		1.0					
Paramuribaculum	8.0												1.0									5.0	2.0						
Salinivirga	6.0											1.0										1.0	1.0						
Tenuifilum	6.0											2.0										3.0	4.0	3.0	10.0	2.0			
Candidatus Azobacteroides	4.0											1.0										1.0							
Xiashengella	408.0	1.0										38.0										129.0	10.0	2.0					
Carboxylicivirga	38.0											3.0										10.0	4.0		2.0				
Alkalitalea	4.0											1.0											2.0						
Draconibacterium	134.0			1.0						1.0		46.0										53.0	28.0	1.0					
Aquipluma	20.0											6.0								1.0		7.0			1.0				
Sunxiuqinia	20.0																												
Maribellus	7.0											3.0										2.0	2.0						
Mangrovibacterium	7.0											1.0																	
Marinifilum	30.0									1.0		10.0										17.0	9.0		5.0	1.0			
Labilibaculum	25.0											9.0										5.0	8.0	1.0	11.0	4.0	1.0		
Cloacibacterium	4460.0				6.0		2.0	3.0	10.0			482.0				1.0		4.0			4.0	336.0	1803.0	2941.0	166.0	19.0	12.0		10.0
Chryseobacterium	599.0	4.0	6.0	21.0	2.0	6.0		1.0	2.0	8.0	4.0	142.0	4.0	1.0	8.0	9.0	5.0	7.0	7.0	8.0	14.0	395.0	272.0	475.0	29.0	41.0	10.0	22.0	2.0
Epilithonimonas	214.0											79.0		10.0				2.0		1.0		19.0	79.0	151.0					
Kaistella	32.0											9.0										16.0	12.0	31.0					
Empedobacter	254.0											164.0										88.0	11.0	2.0					
Elizabethkingia	118.0				1.0							53.0						1.0				38.0	180.0	205.0	5.0			1.0	
Riemerella	12.0	4.0														3.0						4.0		16.0	1.0	5.0			
Apibacter	7.0											1.0										2.0							
Ornithobacterium	4.0																					7.0	8.0	1.0					
Faecalibacter	3.0			6.0								1.0										1.0	1.0	4.0	3.0	6.0	6.0	9.0	
Bergeyella	1.0											2.0										1.0	4.0	3.0					
Cruoricaptor	2.0																							1.0					
Flavobacterium	558.0	1.0	3.0	4.0		1.0		3.0		1.0		142.0		2.0		2.0		1.0	3.0	2.0	2.0	140.0	129.0	113.0	48.0	37.0	4.0	7.0	
Capnocytophaga	72.0											15.0		3.0					1.0			14.0	10.0	2.0	3.0				
Myroides	130.0											55.0	1.0									79.0	22.0						
Dokdonia	42.0		28.0		4.0	17.0	10.0			44.0	26.0	45.0				40.0	1.0		24.0	17.0		67.0	95.0	63.0	85.0	39.0		10.0	35.0
Polaribacter	35.0	3.0	1.0	6.0			1.0	13.0				21.0	12.0	15.0		2.0	7.0	1.0	4.0	1.0	1.0	54.0	27.0	37.0	23.0	17.0	38.0	58.0	1.0
Amniculibacterium	46.0											9.0											12.0	14.0	46.0	62.0			
Maribacter	34.0																						11.0	26.0	13.0	6.0	5.0		
Flavivirga	12.0											13.0										5.0							
Tenacibaculum	24.0		2.0	5.0			1.0			1.0		3.0					2.0	2.0		1.0		8.0	12.0		2.0	3.0			3.0
Cellulophaga	9.0											16.0										6.0	10.0		1.0	1.0		4.0	
Formosa	19.0																			5.0	5.0	13.0							
Algibacter	17.0																						1.0						
Aestuariibaculum	6.0											4.0																	
Salegentibacter	75.0																					2.0		3.0					
Zunongwangia	36.0											45.0						9.0				42.0	2.0						
Nonlabens	8.0						1.0																15.0						
Winogradskyella	11.0									1.0	2.0	11.0			4.0						2.0		1.0		1.0				
Aquimarina	4.0			1.0																	1.0		2.0						
Seonamhaeicola	4.0																												
Mangrovimonas	4.0																						1.0						
Paenimyroides	97.0																												
Zhouia	26.0											12.0										12.0	27.0						
Flagellimonas	11.0										1.0	11.0				7.0						2.0							
Christiangramia	2.0			3.0						3.0		3.0										2.0	4.0		8.0				
Bizionia	4.0											5.0																	
Constantimarinum	2.0																												
Aureibaculum	1.0																												
Antarcticibacterium	2.0																												
Allomuricauda	1.0																												
Aequorivita	1.0																				10.0	1.0	1.0						
Arenibacter	15.0																												
Mariniflexile	1.0																					4.0		14.0	9.0	4.0		5.0	
Kordia	1.0																					1.0		1.0					
Mesoflavibacter	6.0											6.0				4.0						1.0							
Gillisia	7.0																												
Marixanthomonas	6.0											14.0																	
Lacinutrix	2.0													1.0							3.0	2.0	6.0	35.0					
Lutibacter	1.0	9.0										9.0	1.0										3.0	2.0	7.0		11.0	12.0	
Blattabacterium	7.0	2.0		6.0							3.0	8.0										6.0	14.0	21.0	18.0	25.0	49.0	36.0	
Ichthyobacterium	3.0											2.0										2.0	4.0	4.0	3.0				
Fluviicola	3.0											1.0										1.0							
Owenweeksia	1.0											1.0																	
Croceimicrobium	1.0																					1.0							
Candidatus Karelsulcia	1.0																					1.0							
Sphingobacterium	322.0											88.0		1.0				1.0				164.0	19.0	4.0		14.0			
Mucilaginibacter	32.0											12.0										6.0	5.0	1.0					
Pedobacter	34.0											18.0										10.0	11.0	4.0	1.0				
Solitalea	9.0											3.0										3.0							
Olivibacter	2.0											1.0										5.0	4.0						
Pseudopedobacter	9.0											17.0											13.0						
Anseongella	2.0																												
Hymenobacter	19.0											2.0	1.0									4.0	5.0	2.0			1.0		
Pontibacter	12.0	1.0										3.0										5.0							
Runella	15.0																					4.0	1.0						
Dyadobacter	11.0											1.0										2.0	2.0						
Leadbetterella	2.0																					2.0	4.0						
Echinicola	28.0											7.0									1.0		4.0						
Algoriphagus	25.0			1.0								12.0										3.0							
Cyclobacterium	3.0																						5.0						
Mongoliitalea	1.0																												
Porifericola	10.0																					3.0							
Tunicatimonas	1.0																					1.0							
Catalinimonas	1.0																												
Chryseolinea	4.0																					1.0							
Fulvivirga	1.0				1.0					1.0												1.0							
Marivirga	13.0											5.0										4.0	2.0					2.0	
Spirosoma	2.0	1.0					2.0					7.0										1.0	1.0			1.0		1.0	
Flammeovirga	3.0			1.0																		4.0		1.0	3.0				
Persicobacter	3.0																					3.0							
Bernardetia	1.0		1.0									3.0					1.0									1.0	2.0		
Reichenbachiella	1.0																												
Chitinophaga	21.0			1.0								8.0										10.0	8.0		1.0				
Arachidicoccus	10.0											1.0										3.0							
Sediminibacterium	7.0																					1.0							
Longitalea	3.0																	1.0											
Flavihumibacter	4.0																												
Niabella	1.0											3.0										2.0	4.0						
Flavisolibacter	1.0											1.0										1.0			3.0	2.0		2.0	
Ferruginibacter	1.0											1.0																	
Pseudocnuella	2.0																												
Paraflavitalea	1.0											1.0										1.0							
Haliscomenobacter	5.0		1.0																			1.0							
Aureispira	3.0											1.0															1.0		
Candidatus Sulfidibacterium	1.0																						2.0						
Prosthecochloris	1.0											1.0										2.0							
Ignavibacterium	1.0																												
Gemmatimonas	2.0																												
Gemmatirosa	1.0																												
Candidatus Cloacimonas	2.0		16.0					7.0																					
Lactococcus	140002.0	238.0	461.0	570.0	270.0	215.0	243.0	419.0	478.0	375.0	21.0	64290.0	6.0	58.0	2.0	4.0	3.0	147.0	77.0	67.0	198.0	75608.0	177176.0	286040.0	464177.0	38151.0	7928.0	67340.0	268.0
Streptococcus	7023.0	38.0	17.0	164.0	6.0	8.0	14.0	7.0	2.0	1.0		3355.0	3.0	4.0			2.0	7.0	2.0	7.0	5.0	2974.0	6356.0	1268.0	4584.0	2861.0	1119.0	2496.0	14.0
Floricoccus	1.0																					1.0	3.0		2.0				
Vagococcus	25201.0	207.0	15.0	421.0	25.0	36.0	15.0	6.0		1.0		37997.0	2.0					19.0	43.0	20.0	8.0	12966.0	9504.0	506.0	522.0	534.0	672.0	387.0	33.0
Enterococcus	11172.0	166.0	22.0	3.0	192.0	8.0	3.0	28.0	161.0	336.0	575.0	8125.0	308.0	243.0	178.0	233.0	120.0	358.0	106.0	282.0	134.0	10191.0	13684.0	544.0	958.0	212.0	559.0	389.0	22.0
Tetragenococcus	17.0											13.0										4.0	4.0		4.0			2.0	
Melissococcus	1.0																							1.0	1.0	2.0			
Trichococcus	12514.0				9.0		1.0					905.0						12.0		4.0		1876.0	6.0	4.0	5.0	3.0			1.0
Carnobacterium	149.0	3.0				1.0						68.0										86.0	37.0	10.0	12.0	4.0	5.0	2.0	
Jeotgalibaca	70.0	33.0	8.0	53.0	3.0	1.0		8.0	8.0	1.0		41.0							1.0			68.0	441.0	1893.0	3069.0	3173.0	966.0	70.0	
Desemzia	30.0	9.0	3.0	70.0					1.0			33.0										12.0	29.0	36.0	29.0	188.0	303.0	113.0	
Granulicatella	10.0	54.0		32.0								8.0										14.0	44.0	25.0	42.0	138.0	128.0	96.0	
Marinilactibacillus	2.0											4.0										1.0							
Leuconostoc	1685.0				1.0	1.0	2.0	1.0				1092.0						1.0	2.0	2.0	1.0	1024.0	696.0	6.0	27.0	8.0		8.0	
Ligilactobacillus	416.0	116.0	9.0	195.0								207.0									1.0	310.0	236.0	155.0	362.0	351.0	490.0	305.0	
Lactiplantibacillus	98.0											66.0										24.0	87.0	4.0	52.0			1.0	
Weissella	48.0							1.0				208.0							1.0			7.0	5.0		12.0	1.0	2.0	6.0	
Lacticaseibacillus	33.0		3.0									16.0				1.0						28.0	34.0	21.0	33.0	33.0		14.0	
Lactobacillus	28.0											19.0		3.0						11.0	1.0	20.0	8.0	14.0	16.0	6.0	2.0	4.0	
Latilactobacillus	21.0											14.0										3.0	2.0		3.0				
Limosilactobacillus	16.0											7.0										4.0	10.0	6.0	6.0				
Loigolactobacillus	11.0											19.0										8.0	4.0		10.0	22.0		8.0	
Paucilactobacillus	8.0											1.0										3.0	1.0		3.0			5.0	
Amylolactobacillus	8.0											2.0										3.0	9.0	13.0					
Companilactobacillus	5.0											2.0										2.0	2.0		1.0			1.0	
Liquorilactobacillus	5.0											4.0											1.0	2.0	17.0	6.0			
Pediococcus	26.0											8.0										1.0	1.0	69.0	3.0				
Schleiferilactobacillus	3.0																												
Fructilactobacillus	2.0																					1.0	1.0		2.0			3.0	
Levilactobacillus	1.0											1.0		1.0															
Lentilactobacillus	1.0											1.0											3.0		9.0	3.0		5.0	
Aerococcus	54.0											51.0										10.0	6.0				3.0		
Fundicoccus	22.0	13.0	1.0	21.0								10.0										14.0	52.0	15.0	30.0	27.0	32.0	32.0	
Globicatella	2.0											2.0														1.0	1.0		
Ruoffia	3.0																					1.0							
Bacillus	449.0	246.0	491.0	263.0	98.0	77.0	24.0	55.0	16.0	2.0		236.0	4.0		2.0		1.0	4.0	6.0	12.0	7.0	397.0	365.0	784.0	858.0	397.0	420.0	216.0	4.0
Lysinibacillus	35.0	1.0		1.0								87.0			1.0							25.0	23.0	21.0	33.0	26.0	28.0	15.0	
Priestia	15.0			3.0								26.0										7.0	30.0	5.0	49.0	14.0			
Neobacillus	13.0	6.0		35.0	1.0		1.0					53.0										6.0	66.0	32.0	129.0	127.0	144.0	134.0	
Tepidibacillus	10.0											2.0										6.0				2.0			
Metabacillus	8.0	1.0		9.0								5.0										3.0	9.0	4.0	12.0	14.0	15.0	8.0	
Mesobacillus	7.0											5.0										5.0	18.0	3.0	7.0				
Heyndrickxia	14.0											11.0											15.0	7.0	18.0	20.0	40.0		
Psychrobacillus	4.0	1.0	1.0	2.0								7.0										1.0	6.0	3.0	8.0	2.0	6.0	2.0	
Paraliobacillus	4.0	1.0		3.0								1.0										1.0	1.0		10.0	8.0	11.0	4.0	
Niallia	4.0			2.0					1.0			29.0										6.0	22.0	12.0	23.0	46.0	26.0	5.0	
Geobacillus	2.0											1.0											2.0	1.0				1.0	
Oceanobacillus	2.0											4.0										1.0	2.0	3.0	18.0	3.0	1.0	3.0	
Gracilibacillus	2.0			1.0								3.0										5.0	15.0	3.0	1.0	4.0	3.0	7.0	
Peribacillus	3.0	2.0		3.0																		5.0	19.0	2.0	48.0		27.0	35.0	
Fictibacillus	3.0																					1.0	1.0						
Ectobacillus	1.0																							1.0					
Alkalihalobacillus	1.0									1.0													2.0		3.0				
Fervidibacillus	1.0											5.0											1.0	1.0	4.0	1.0	3.0		
Cytobacillus	1.0											2.0										9.0	4.0	3.0	15.0	5.0			
Caldibacillus	4.0											9.0											9.0						
Virgibacillus	1.0			1.0								6.0											3.0	6.0	1.0			6.0	
Caldalkalibacillus	1.0																												
Paenibacillus	258.0	6.0	1.0	34.0		1.0						170.0										97.0	173.0	132.0	227.0	188.0	173.0	170.0	1.0
Brevibacillus	20.0		1.0									15.0										5.0	19.0	12.0	10.0	1.0		1.0	
Aneurinibacillus	1.0			1.0								1.0										2.0	9.0	6.0	3.0	11.0	7.0	1.0	
Cohnella	7.0																												
Listeria	222.0	2.0	1.0	2.0		1.0				1.0		136.0						1.0		1.0		75.0	111.0	442.0	77.0	18.0	4.0	20.0	
Brochothrix	3.0											5.0										1.0	9.0		7.0		2.0	1.0	
Kurthia	283.0		1.0									87.0										161.0	383.0	1.0	68.0	40.0		39.0	
Sporosarcina	38.0	3.0	1.0	20.0								45.0										22.0	85.0	50.0	74.0	31.0	49.0	50.0	
Solibacillus	27.0			2.0								7.0										13.0	2.0	4.0	3.0	3.0	3.0	5.0	
Planococcus	1.0	4.0										5.0											5.0	6.0	7.0	33.0	15.0	7.0	
Paenisporosarcina	1.0																								3.0				
Staphylococcus	134.0	34.0	3.0	41.0	2.0	2.0	7.0	1.0	1.0	11.0		115.0	1.0	6.0	3.0		4.0			14.0	4.0	75.0	109.0	157.0	426.0	350.0	264.0	181.0	1.0
Mammaliicoccus	35.0	3.0		17.0								24.0										19.0	33.0	16.0	19.0	7.0	17.0	8.0	
Macrococcus	3.0																							5.0					
Jeotgalicoccus	1.0																					1.0			3.0				
Nosocomiicoccus	1.0																					1.0							
Macrococcoides	1.0								1.0													24.0							
Exiguobacterium	21.0											20.0										4.0	1.0		1.0				
Gemella	12.0										5.0	5.0							1.0	1.0		2.0	10.0	5.0	6.0	1.0	4.0		
Laceyella	1.0																												
Kroppenstedtia	1.0											1.0										3.0	2.0						
Pullulanibacillus	1.0			1.0																				6.0	13.0				
Alicyclobacillus	1.0											2.0											1.0	2.0	3.0	2.0	5.0	2.0	
Clostridium	14770.0	52329.0	71167.0	67142.0	41932.0	49951.0	1779.0	609.0	1627.0	81.0	92.0	24248.0	198.0	155.0	68.0	63.0	55.0	52.0	70.0	28.0	56.0	14609.0	48398.0	51267.0	69961.0	103542.0	208162.0	149980.0	113.0
Proteiniclasticum	219.0			1.0								104.0										26.0		2.0	4.0	2.0	8.0	1.0	
Crassaminicella	81.0	50.0	4.0	81.0	1.0							145.0										68.0	216.0	221.0	298.0	291.0	333.0	232.0	
Oceanirhabdus	59.0			1.0								82.0										58.0	77.0	56.0	56.0	23.0	6.0	6.0	
Hungatella	175.0	224.0	57.0		16.0				18.0	34.0	30.0	40.0	31.0	6.0	17.0	40.0	9.0	32.0	3.0	9.0	4.0	15.0		135.0	171.0		207.0		
Hathewaya	78.0	2.0	1.0	8.0								157.0						1.0		1.0		110.0	186.0	122.0	113.0	21.0	35.0	10.0	
Sarcina	75.0		3.0	1.0								70.0										49.0	79.0	76.0	54.0	5.0	6.0		
Caloramator	33.0	1.0		3.0					1.0			38.0										37.0	71.0	57.0	51.0	4.0	7.0	4.0	
Candidatus Arthromitus	8.0	60.0	5.0	104.0					1.0			4.0		1.0							1.0	63.0	332.0	210.0	335.0	268.0	258.0	223.0	1.0
Flavonifractor	590.0	432.0	697.0	19.0	445.0	13.0	71.0	17.0	19.0	900.0	45.0	130.0	130.0	10.0	124.0	509.0	3.0	524.0	26.0	86.0	9.0	133.0	51.0	56.0	3053.0	17.0	367.0	15.0	8.0
Faecalibacterium	623.0		9.0			134.0	19.0	5.0		5.0	2.0	430.0	6.0	4.0	1.0	3.0	1.0	1.0	147.0	45.0		170.0	128.0	79.0	90.0	12.0	35.0	20.0	
Oscillibacter	1810.0	28.0	10.0		6.0	8.0	20.0			33.0	7.0	912.0	2.0			9.0		6.0	22.0	31.0	6.0				94.0		28.0		
Vescimonas	744.0					4.0						487.0		1.0				1.0	2.0	2.0		7.0					24.0		
Pusillibacter	573.0		80.0	19.0		1.0	17.0			9.0	2.0	601.0	3.0		6.0	23.0	1.0	10.0	5.0	19.0		54.0			103.0		72.0		4.0
Ruthenibacterium	263.0	5.0				2.0	31.0			7.0		74.0				2.0		4.0	3.0	53.0		109.0			4.0		20.0	5.0	
Caproicibacterium	178.0											75.0						1.0		1.0		50.0		5.0	5.0				
Ruminococcus	426.0			7.0	1.0		3.0			1.0		476.0							1.0			374.0	13.0	13.0	7.0	13.0	29.0	13.0	
Petroclostridium	87.0				1.0							36.0										4.0	12.0	1.0	5.0				
Ruminiclostridium	78.0			7.0								76.0										93.0	54.0	57.0	35.0	58.0	44.0	51.0	
Lawsonibacter	59.0	2.0				5.0	23.0			5.0	1.0	20.0				2.0		2.0	6.0	53.0	1.0	40.0			9.0			1.0	
Ethanoligenens	30.0											36.0																	
Acetivibrio	78.0	19.0	2.0	30.0								154.0										48.0	76.0	109.0	166.0	157.0	143.0	121.0	
Dysosmobacter	907.0					25.0	26.0			2.0		333.0	2.0			6.0	1.0	5.0	21.0	29.0		69.0							
Paludihabitans	15.0		1.0									4.0										1.0	14.0	23.0	27.0	15.0	5.0	1.0	
Anaerotruncus	25.0					5.0	1.0				1.0	23.0			1.0			2.0	6.0	6.0		17.0							
Subdoligranulum	16.0						1.0					14.0				1.0						12.0							
Thermocaproicibacter	5.0											9.0																	
Solibaculum	8.0				2.0	2.0														2.0		10.0							
Amygdalobacter	3.0											1.0											4.0	3.0	12.0	2.0	9.0		
Mageeibacillus	1.0											1.0																	
Caproicibacter	3039.0											1763.0						2.0	1.0			16.0	15.0						5.0
Caproiciproducens	850.0				1.0							277.0						1.0				11.0	2.0						
Acutalibacter	9.0											1.0						1.0											
Sinanaerobacter	1202.0			2.0	2.0							253.0						1.0				40.0	20.0	7.0	15.0	7.0	19.0	16.0	
Proteiniborus	88.0	48.0	3.0	103.0	2.0			1.0				100.0	2.0						1.0			51.0	103.0	94.0	152.0	189.0	247.0	163.0	
Intestinimonas	78.0	12.0	3.0		1.0	4.0		2.0	8.0	12.0	18.0	32.0	14.0	7.0	11.0	17.0	9.0	5.0	11.0	14.0	5.0	4.0		15.0	7.0		35.0	3.0	
Flintibacter	31.0	2.0										20.0	1.0		1.0	1.0			2.0			2.0							
Fenollaria	6.0	39.0	1.0	39.0								11.0										6.0	22.0	16.0	34.0	27.0	59.0	21.0	
Massilistercora	12.0															1.0			1.0	1.0		22.0							
Syntrophobotulus	272.0	2.0	2.0	2.0	1.0	1.0						568.0										13.0	5.0	11.0	18.0	14.0	7.0	10.0	
Desulfitobacterium	276.0	3.0			1.0							109.0										19.0	6.0	18.0	33.0	12.0	5.0	3.0	
Dehalobacter	243.0		3.0									440.0										283.0	84.0	67.0	270.0	113.0	97.0	86.0	
Desulfosporosinus	44.0	8.0	3.0	12.0								30.0							1.0			11.0	6.0	23.0	48.0	29.0	11.0	17.0	
Eubacterium	451.0	818.0	57.0	1575.0	2.0	1.0	3.0	5.0	2.0			399.0		1.0				1.0			1.0	540.0	2413.0	1627.0	1836.0	2798.0	3143.0	2033.0	3.0
Acetobacterium	56.0	2.0	1.0	5.0								13.0										9.0	12.0	69.0	82.0	60.0	19.0	9.0	
Alkalibacter	2.0																									1.0			
Dehalobacterium	169.0	2.0		5.0								58.0										11.0		3.0	22.0		5.0	8.0	
Desulforamulus	6.0	5.0		7.0								8.0										2.0	7.0	8.0	10.0	19.0	7.0	20.0	
Thermanaerosceptrum	2.0											1.0												1.0					
Candidatus Formimonas	2.0											2.0																	
Desulfofarcimen	1.0																					1.0							
Acididesulfobacillus	1.0											1.0																	
Agathobaculum	49.0	4.0	1.0	9.0	1.0	2.0						50.0		1.0					4.0			16.0	13.0	21.0	35.0	36.0	38.0	35.0	
Intestinibacillus	26.0					1.0				1.0		43.0								1.0		4.0							
Butyricicoccus	4.0				2.0													2.0											
Alkalicella	7.0	1.0		1.0								8.0										6.0	2.0	20.0	49.0	17.0	2.0		
Aristaeella	7.0																												
Desulfoscipio	6.0	1.0	4.0	5.0								10.0										5.0	5.0	7.0	19.0	8.0	9.0	4.0	
Maliibacterium	3.0											2.0																	
Heliomicrobium	4.0											18.0																	
Paraclostridium	6741.0	122.0	100.0	190.0	14.0	8.0		2.0	4.0	16.0	16.0	698.0	50.0	19.0	13.0	46.0	4.0	14.0	2.0	10.0	7.0	208.0	416.0	461.0	582.0	552.0	687.0	545.0	7.0
Clostridioides	387.0	874.0	64.0	1859.0	4.0		5.0	11.0	7.0			907.0	2.0	1.0		2.0		2.0	3.0	4.0		621.0	3883.0	1833.0	2033.0	3069.0	6820.0	2728.0	3.0
Tepidibacter	115.0	89.0	18.0	208.0	2.0			1.0			1.0	267.0										139.0	292.0	339.0	330.0	363.0	427.0	361.0	
Terrisporobacter	88.0	131.0	1.0	231.0			4.0	2.0	1.0			170.0	1.0								2.0	209.0	513.0	423.0	569.0	555.0	481.0	542.0	
Romboutsia	85.0	105.0	23.0	239.0				4.0			1.0	250.0										137.0	349.0	464.0	509.0	431.0	444.0	407.0	
Peptacetobacter	59.0	55.0	44.0	142.0	4.0			3.0				132.0										91.0	92.0	87.0	139.0	122.0	109.0	121.0	
Intestinibacter	30.0	33.0		23.0								41.0										31.0	72.0	101.0	177.0	134.0	204.0	76.0	
Peptostreptococcus	3.0			5.0								3.0										1.0	11.0	14.0	12.0	10.0	10.0	24.0	
Aminipila	1144.0		2.0	11.0	2.0	1.0						441.0						1.0	1.0			43.0	72.0	39.0	48.0	22.0	19.0	37.0	
Emergencia	62.0	12.0										19.0						1.0				4.0	5.0	35.0	27.0	20.0	18.0	8.0	
Mogibacterium	5.0											7.0										8.0							
Alkaliphilus	184.0	101.0	14.0	169.0	1.0			5.0	1.0			242.0							1.0		1.0	124.0	307.0	388.0	418.0	462.0	517.0	476.0	2.0
Serpentinicella	49.0		2.0	4.0						2.0		24.0	1.0					1.0		1.0		9.0	38.0	235.0	367.0	195.0	69.0	20.0	
Acetoanaerobium	236.0	137.0	68.0	205.0	1.0	7.0					4.0	397.0		2.0								206.0	324.0	1013.0	1586.0	961.0	484.0	488.0	
Filifactor	54.0		16.0	55.0								100.0										32.0	38.0	92.0	129.0	158.0	158.0	75.0	
Peptoclostridium	126.0	160.0	7.0	248.0	1.0			2.0				349.0					3.0					139.0	292.0	353.0	395.0	478.0	645.0	538.0	
Geosporobacter	52.0		1.0	3.0	1.0							54.0										18.0	38.0	24.0	17.0	40.0	26.0	32.0	
Caminicella	13.0	10.0		27.0							1.0	15.0										18.0	44.0	57.0	60.0	109.0	108.0	93.0	
Lacrimispora	2874.0	1.0		1.0	1.0		1.0		2.0	1.0		1680.0							1.0			274.0	134.0	955.0	1231.0	548.0	99.0	3.0	1.0
Anaerocolumna	380.0	2.0	4.0	9.0		1.0		2.0		1.0		284.0										44.0	132.0	240.0	353.0	131.0	33.0	24.0	1.0
Anaeropeptidivorans	328.0			1.0								51.0						1.0					5.0	3.0	9.0	3.0	2.0	3.0	
Blautia	1242.0	2463.0	309.0	4736.0	41.0	26.0	77.0	29.0	152.0	213.0	461.0	213.0	215.0	110.0	103.0	308.0	102.0	118.0	95.0	340.0	81.0	2271.0	9952.0	6902.0	9047.0	9110.0	9356.0	7947.0	12.0
Novisyntrophococcus	396.0	4.0		10.0	1.0	1.0						3459.0							1.0			138.0	76.0	24.0	48.0	5.0			
Agathobacter	496.0			31.0	2.0	1.0	6.0			1.0		173.0								6.0		72.0	24.0	29.0	47.0		46.0	38.0	
Enterocloster	179.0	78.0	28.0		44.0	51.0	1.0		39.0	175.0	98.0	143.0	388.0	137.0	40.0	62.0	20.0	71.0	85.0	63.0	24.0	27.0	16.0	143.0	672.0	8.0	1677.0	595.0	
Lachnoclostridium	128.0	580.0	12.0		20.0	2.0	7.0		23.0	24.0	62.0	78.0	237.0	15.0	114.0	35.0	19.0	52.0	14.0	40.0	15.0	50.0	40.0	213.0	191.0	89.0	1246.0	13.0	2.0
Mediterraneibacter	4209.0	16.0		21.0	6.0	9.0	103.0					102.0	2.0	1.0		1.0		3.0	4.0	119.0		275.0	44.0	35.0	81.0	6.0	15.0	16.0	2.0
Roseburia	166.0		7.0			210.0	4.0			1.0		1089.0	1.0	1.0		1.0		1.0	222.0	4.0		67.0	16.0	37.0	47.0	29.0	22.0		
Kineothrix	65.0		1.0						1.0			16.0										12.0	23.0	13.0	19.0	1.0	1.0		
Coprococcus	129.0					1.0						73.0				1.0			2.0			37.0			35.0				
Anaerostipes	95.0				1.0	1.0	9.0			3.0	1.0	32.0		2.0	3.0		1.0	1.0	1.0	15.0	1.0	25.0	18.0	2.0	19.0				
Dorea	141.0		9.0		4.0		10.0					53.0	1.0			12.0		1.0		4.0		67.0	30.0	150.0	205.0	102.0	46.0		
Lachnospira	31.0						1.0					7.0													3.0				
Anaeromicropila	16.0			1.0		1.0		1.0				5.0										2.0	42.0	42.0	92.0	14.0	2.0		
Butyrivibrio	18.0																					9.0	2.0	4.0	5.0	3.0	1.0		
Simiaoa	33.0			21.0			1.0					8.0				1.0				2.0				180.0	378.0	129.0	29.0		
Anaerobutyricum	21.0	30.0		77.0		1.0	23.0					86.0			1.0					22.0		80.0	220.0	252.0	255.0	306.0	300.0	169.0	3.0
Wansuia	11.0											2.0										1.0							
Lachnoanaerobaculum	8.0																					2.0	1.0	10.0	19.0	13.0		1.0	
Qiania	13.0																												
Chakrabartyella	5.0		1.0	1.0		1.0						3.0										3.0		40.0	74.0	26.0	9.0	9.0	
Claveliimonas	12.0						8.0					4.0							1.0	14.0	1.0	28.0	6.0		5.0				
Candidatus Epulonipiscium	3.0	1.0		2.0								15.0										1.0	2.0	3.0	2.0	6.0	2.0	4.0	
Wujia	14.0		6.0				1.0					23.0								1.0		16.0	44.0	135.0	207.0	54.0	42.0	71.0	
Sellimonas	6.0											7.0	1.0						1.0				12.0	8.0	14.0	7.0			
Pseudobutyrivibrio	2.0																												
Herbinix	5.0											18.0										26.0	23.0			13.0	10.0		
Tyzzerella	1.0																					1.0			2.0		1.0		
Marvinbryantia	1.0						1.0																						
Stomatobaculum	1.0											2.0				1.0							3.0		1.0				
Cellulosilyticum	218.0			1.0								57.0										4.0	6.0	4.0	5.0	1.0	1.0	1.0	
Anaerotignum	256.0	275.0	19.0	509.0						1.0		132.0		1.0								168.0	926.0	580.0	727.0	1078.0	1225.0	873.0	
Petrocella	42.0	2.0				2.0						9.0										15.0	22.0	66.0	105.0	53.0	19.0	1.0	
Vallitalea	19.0											27.0										19.0	34.0	184.0	292.0	123.0	34.0	4.0	
Christensenella	68.0																					7.0	9.0	34.0					
Halanaerobium	1.0			1.0								5.0										7.0	8.0	8.0	16.0	7.0	3.0	2.0	
Halocella	8.0											3.0													7.0				
Acetohalobium	3.0																					1.0			2.0	1.0	1.0	3.0	
Anoxybacter	2.0																							1.0	2.0	2.0	1.0		
Thermoanaerobacter	3.0			62.0		1.0						2.0										4.0	1.0	3.0	60.0	163.0	123.0	59.0	
Thermoanaerobacterium	2.0			14.0								28.0										8.0	29.0	68.0	12.0	23.0	14.0	22.0	
Gelria	1.0																												
Helicovermis	6.0	2.0		4.0					1.0			8.0										5.0	9.0	15.0	26.0	18.0	11.0	7.0	
Tepidanaerobacter	4.0																					2.0	6.0	20.0	39.0	18.0	9.0		
Biomaibacter	1.0																												
Monoglobus	6.0						2.0															4.0	5.0						
Natranaerobius	1.0																												
Moorella	1.0																					1.0			1.0				
Phascolarctobacterium	7923.0	147.0	77.0	3.0	130.0	4.0	3.0	1.0	82.0	280.0	360.0	4136.0	433.0	239.0	286.0	224.0	62.0	254.0	73.0	188.0	72.0	2098.0	43.0	181.0	313.0	47.0	333.0	226.0	
Acidaminococcus	133.0											18.0	1.0			1.0						157.0	28.0						
Veillonella	3473.0				6.0	1.0	2.0		1.0			1918.0					1.0	6.0	3.0	1.0		3288.0	21.0	32.0	46.0	40.0	8.0	14.0	5.0
Dialister	1484.0						1.0					778.0						2.0	2.0	2.0		1308.0	7.0	10.0	12.0	12.0	7.0	12.0	1.0
Megasphaera	65.0											19.0										46.0	7.0	5.0	2.0	4.0	4.0		
Anaeromusa	1900.0	1.0			1.0	1.0						786.0	1.0					2.0				46.0	58.0	27.0	57.0	45.0	23.0	30.0	2.0
Sporomusa	132.0											134.0										124.0	63.0	93.0	59.0	19.0	17.0	6.0	
Pelosinus	63.0	1.0		1.0	1.0			1.0				47.0									1.0	128.0	484.0	37.0	17.0	34.0	15.0	19.0	
Methylomusa	2.0																					4.0	9.0	1.0	4.0	3.0		2.0	
Pectinatus	240.0					1.0						143.0										115.0	82.0	73.0	38.0				
Selenomonas	119.0											86.0						2.0				23.0	408.0	51.0	7.0	4.0	3.0	1.0	
Megamonas	45.0	5.0	1.0	5.0		1.0	1.0					61.0										32.0	51.0	34.0	37.0	57.0	36.0	36.0	
Selenobaculum	52.0											73.0										32.0	65.0	39.0	22.0	11.0		6.0	
Acidilutibacter	357.0	62.0	30.0	125.0	2.0	1.0		1.0	2.0	1.0		446.0			1.0				1.0			74.0	86.0	400.0	815.0	820.0	382.0	167.0	
Peptoniphilus	38.0			57.0								37.0	11.0									33.0	13.0	118.0	215.0	321.0	391.0	39.0	
Finegoldia	54.0	82.0	8.0	91.0								101.0								1.0		34.0	95.0	194.0	248.0	323.0	386.0	111.0	
Helcococcus	18.0											12.0										15.0	2.0	12.0	11.0	8.0	10.0	7.0	
Anaerococcus	10.0	1.0		14.0					13.0	7.0	26.0	11.0	14.0	6.0	3.0	6.0	6.0	1.0	3.0	12.0	3.0	9.0	5.0	8.0	14.0	3.0	29.0	13.0	
Miniphocaeibacter	3.0											2.0										2.0	2.0	5.0	7.0	1.0	2.0		
Parvimonas	2.0			16.0								13.0											12.0	30.0	29.0	74.0	57.0	37.0	
Tissierella	44.0	31.0	9.0	43.0	1.0	6.0						72.0									1.0	24.0	70.0	81.0	134.0	98.0	100.0	74.0	
Gudongella	14.0											13.0										4.0	1.0						
Schnuerera	23.0				1.0	2.0		3.0	1.0			10.0										12.0	96.0	592.0	1248.0	631.0	215.0	9.0	
Keratinibaculum	1.0	4.0		9.0								18.0											15.0	12.0	25.0	53.0	33.0	25.0	
Gottschalkia	19.0	4.0		12.0					1.0			15.0	1.0									18.0	31.0	30.0	54.0	54.0	80.0	63.0	
Caloranaerobacter	13.0	13.0		12.0								29.0										18.0	22.0	43.0	44.0	32.0	53.0	28.0	
Sedimentibacter	114.0	23.0	7.0	38.0	2.0		2.0		1.0			110.0										43.0	85.0	150.0	212.0	104.0	109.0	86.0	
Ezakiella	8.0											1.0											29.0	40.0	67.0	16.0	16.0	22.0	
Thomasclavelia	137.0	14.0	32.0		24.0		3.0		1.0	17.0	4.0	76.0	14.0	46.0	3.0	25.0	1.0	19.0	1.0	18.0		36.0	16.0	9.0	53.0	35.0	74.0	234.0	
Faecalibacillus	29.0																					2.0			2.0				
Catenibacterium	10.0											6.0																	
Tannockella	2.0																					1.0	4.0	29.0	60.0	40.0	4.0		
Erysipelothrix	53.0	145.0	13.0	325.0					1.0			24.0										82.0	457.0	296.0	384.0	583.0	740.0	472.0	1.0
Bulleidia	6.0											5.0										4.0							
Longicatena	23.0									10.0		18.0	1.0					1.0							44.0		25.0		
Intestinibaculum	3.0																			1.0									
Amedibacterium	7.0											7.0																	
Solobacterium	4.0																					9.0							
Turicibacter	4.0											3.0										3.0	1.0	1.0	2.0	3.0	1.0	1.0	
Caldicellulosiruptor	8.0			2.0								4.0								1.0		1.0	3.0	13.0	19.0	11.0	4.0	2.0	1.0
Ndongobacter	3.0																												
Eggerthella	6441.0	213.0	172.0	11.0	208.0	8.0	26.0	9.0	82.0	1052.0	338.0	79.0	1779.0	960.0	240.0	327.0	99.0	342.0	82.0	231.0	71.0	23.0	26.0	107.0	830.0	15.0	2097.0	836.0	10.0
Gordonibacter	328.0	16.0	2.0		9.0		3.0		1.0	40.0	9.0	4.0	9.0	10.0	21.0	5.0	2.0	18.0	2.0	12.0		5.0	3.0	4.0	28.0		12.0		
Arabiibacter	123.0											1.0										1.0		1.0					
Phoenicibacter	71.0																												
Adlercreutzia	33.0															1.0			1.0								1.0		
Raoultibacter	17.0																												
Xiamenia	12.0																												
Berryella	15.0																												
Denitrobacterium	2.0																												
Cryptobacterium	1.0																												
Collinsella	113.0	6.0	90.0	3.0	47.0	1.0	1.0		2.0	434.0	2.0	21.0	341.0	90.0	9.0	101.0	2.0	51.0	1.0	6.0	3.0	6.0	5.0	2.0	402.0		464.0	75.0	2.0
Olsenella	3.0		3.0		1.0											5.0													
Thermophilibacter	4.0																												
Atopobium	1.0																												
Tessaracoccus	164.0											30.0										17.0							1.0
Brooklawnia	221.0											35.0										118.0							
Propioniciclava	30.0					2.0						5.0										3.0							
Cutibacterium	12.0	3.0	6.0	4.0	3.0	41.0	1.0	9.0	10.0	5.0	1.0	40.0	13.0	4.0	7.0	3.0	5.0	8.0	6.0	10.0	9.0	4.0	3.0	2.0	279.0	9.0	10.0	12.0	11.0
Microlunatus	4.0						1.0																						
Propionimicrobium	3.0																												
Propionibacterium	6.0											22.0								1.0		39.0							
Raineyella	2.0																					1.0							
Acidipropionibacterium	2.0											19.0										2.0	7.0						
Arachnia	1.0																			4.0									
Micropruina	10.0																												
Nocardioides	5.0											2.0			1.0							2.0			3.0				
Bifidobacterium	220.0	6.0	6.0		31.0				3.0	392.0	3.0	30.0	13.0	4.0	8.0	4.0	2.0	29.0	1.0	3.0	3.0	21.0	4.0		294.0		10.0	8.0	2.0
Gardnerella	2.0											7.0																	
Mycobacterium	16.0	1.0	2.0	3.0	3.0	2.0	1.0	3.0	4.0		1.0	5.0	5.0	6.0	3.0	2.0	5.0	2.0	4.0	4.0	6.0	4.0	12.0	1.0	8.0	11.0	9.0	2.0	2.0
Mycolicibacterium	9.0	1.0				1.0				1.0		1.0										9.0	1.0						
Mycolicibacter	2.0																												
Rhodococcus	18.0		7.0	2.0					2.0			8.0								1.0		11.0	17.0	49.0	90.0	39.0	19.0	3.0	1.0
Nocardia	1.0											1.0											1.0						
Prescottella	1.0																												1.0
Corynebacterium	23.0				7.0			2.0		7.0		13.0	5.0	6.0	3.0		2.0	6.0	2.0	5.0	1.0	5.0	26.0		41.0	6.0	5.0	15.0	10.0
Gordonia	13.0											4.0								1.0		3.0							
Microbacterium	33.0	8.0		1.0	1.0	1.0	1.0					8.0	2.0	2.0	2.0		2.0					4.0	3.0	1.0					3.0
Agrococcus	1.0											5.0																	
Aquiluna	1.0											1.0																	
Arthrobacter	4.0																					2.0	3.0	2.0			2.0		
Micrococcus	4.0				1.0				1.0			11.0	2.0	4.0						5.0	13.0	8.0		5.0	10.0	1.0			
Kocuria	1.0			2.0		1.0		2.0	1.0					3.0		1.0				2.0	1.0				3.0	2.0	6.0		
Pseudarthrobacter	2.0																					2.0							
Glutamicibacter	4.0																												1.0
Brevibacterium	2.0											8.0		3.0						16.0							4.0		
Janibacter	1.0						2.0												1.0										
Miniimonas	10.0											10.0																	
Schaalia	26.0											5.0										22.0							
Changpingibacter	31.0											3.0										7.0							
Actinomyces	5.0			1.0	1.0								1.0		1.0			1.0		1.0		1.0			7.0	1.0			1.0
Trueperella	4.0											2.0																	
Arcanobacterium	2.0											14.0										1.0							
Streptomyces	35.0	4.0	5.0		2.0	3.0	5.0	3.0	1.0		13.0	39.0	17.0	1.0	13.0	8.0	11.0	8.0	12.0	7.0	2.0	28.0	68.0	11.0	2.0		1.0	1.0	2.0
Actinomadura	1.0																												
Spirillospora	1.0																												
Nonomuraea	1.0																												
Nocardiopsis	1.0											1.0										1.0							
Micromonospora	3.0		4.0	1.0	1.0	1.0	1.0																						1.0
Nakamurella	2.0											1.0																	
Jatrophihabitans	1.0																												
Actinoalloteichus	1.0																												
Rubrobacter	2.0												1.0										1.0						
Actinomarinicola	1.0																												
Synechococcus	1505.0	938.0	1607.0	150.0	83.0	920.0	130.0	227.0	280.0	358.0	299.0	2645.0	363.0	1471.0	1140.0	2182.0	225.0	187.0	1637.0	255.0	450.0	1712.0	1635.0	1856.0	347.0	250.0	334.0	1388.0	1613.0
Prochlorococcus	606.0	344.0	415.0	81.0	156.0	89.0	217.0	336.0	106.0	222.0	146.0	793.0	738.0	605.0	478.0	606.0	160.0	261.0	207.0	387.0	743.0	773.0	828.0	683.0	215.0	121.0	606.0	393.0	563.0
Parasynechococcus	1.0									1.0		10.0		3.0	1.0	3.0					1.0	3.0	2.0				1.0	1.0	
Candidatus Atelocyanobacterium	6.0	5.0	4.0				1.0		2.0	2.0		9.0	2.0	2.0	3.0	7.0	4.0	1.0	1.0	1.0	1.0	6.0	10.0	5.0	8.0	2.0	8.0	6.0	1.0
Gloeothece	1.0											3.0																	
Cyanobacterium	5.0																						5.0	4.0	12.0	2.0	1.0	1.0	
Geminocystis	1.0																												
Halothece	4.0																												
Moorena	1.0											1.0						1.0				2.0	1.0						
Calothrix	2.0																												
Thermosynechococcus	3.0																						1.0						
Dehalococcoides	196.0											45.0										2.0		1.0					
Dehalogenimonas	2.0																												
Roseiflexus	1.0																												
Spiroplasma	6.0	3.0		1.0								8.0									1.0	2.0	4.0	8.0	12.0	11.0	6.0	11.0	
Williamsoniiplasma	5.0											8.0										3.0	11.0		7.0				
Candidatus Phytoplasma	3.0																					2.0		3.0		1.0	3.0	1.0	
Mariniplasma	1.0											2.0													1.0				
Alteracholeplasma	1.0	1.0																					3.0		2.0	1.0	2.0	1.0	
Paracholeplasma	1.0																												
Mycoplasma	6.0			7.0								9.0										1.0	6.0	8.0	14.0	14.0	27.0	22.0	
Mycoplasmopsis	13.0	7.0		9.0								2.0								1.0		10.0	31.0	12.0	16.0	23.0	17.0	10.0	
Mesomycoplasma	1.0											1.0											1.0	1.0					
Thermus	3.0		1.0			2.0			1.0					3.0		3.0		2.0		1.0	1.0	1.0					2.0		3.0
Allomeiothermus	1.0	1.0				2.0		1.0	1.0		1.0		1.0		1.0		1.0	2.0	1.0	1.0		1.0	1.0	2.0	2.0		4.0		6.0
Deinococcus	1.0																				13.0		1.0		1.0		5.0	2.0	
Aliarcobacter	76827.0				75.0	32.0	13.0	4.0	1.0			27133.0			1.0			76.0	20.0	12.0	4.0	13455.0	5028.0	87.0	56.0	51.0	39.0	12.0	42.0
Arcobacter	4142.0				3.0	3.0		1.0				2793.0						3.0	7.0	1.0		767.0	65.0	8.0	2.0	1.0		2.0	3.0
Malaciobacter	60.0	21.0		2.0								50.0										26.0	12.0	15.0	10.0	30.0	31.0	68.0	
Halarcobacter	31.0											23.0	2.0									5.0							
Poseidonibacter	27.0											26.0												1.0	3.0				
Sulfurospirillum	18540.0				21.0	6.0						4056.0			1.0			19.0	6.0			110.0	102.0	10.0	1.0		1.0	3.0	7.0
Campylobacter	58.0	2.0		1.0	1.0			1.0	1.0			29.0										8.0	8.0	11.0	28.0	18.0	54.0	5.0	
Sulfurimonas	47.0	1.0		1.0								29.0										7.0	3.0	2.0	6.0	2.0	6.0	7.0	
Sulfuricurvum	1.0																												
Helicobacter	4.0											1.0												20.0					
Wolinella	1.0											2.0																	
Sulfurovum	5.0											1.0										1.0		2.0	5.0				
Hydrogenimonas	1.0																												
Nitratiruptor	6.0																					1.0							
Desulfovibrio	36516.0				39.0	38.0	21.0			2.0		28587.0			1.0		1.0	40.0	48.0	22.0		21284.0	29.0	27.0	4.0	1.0			21.0
Nitratidesulfovibrio	50.0											32.0										21.0	1.0						
Oleidesulfovibrio	24.0						1.0					12.0										5.0							
Pseudodesulfovibrio	12.0			1.0								19.0					1.0	1.0		1.0		7.0	3.0				4.0		
Desulfolutivibrio	9.0											12.0										9.0							
Solidesulfovibrio	5.0											5.0										4.0							
Maridesulfovibrio	3.0											2.0											1.0						
Megalodesulfovibrio	1.0											1.0																	
Desulfomicrobium	4.0											2.0										1.0							
Desulfococcus	6.0											4.0																	3.0
Desulfosarcina	6.0											1.0										1.0							
Desulfobacter	3.0											2.0										5.0	1.0						
Desulforapulum	1.0											1.0																	
Desulfosudis	1.0																												
Desulfuromonas	3.0											1.0										1.0							
Syntrophotalea	2.0																												
Geobacter	1.0											2.0										2.0							
Trichlorobacter	2.0																												
Geomonas	1.0																					1.0							
Geotalea	1.0				10.0	20.0						1.0												21.0					
Desulfobulbus	9.0											2.0										4.0					3.0		
Desulfocapsa	1.0																												
Syntrophobacter	2.0											1.0										1.0							
Thermosulfurimonas	1.0																												
Desulfarculus	1.0				1.0							1.0										1.0							
Fusobacterium	112.0	35.0	4.0	56.0	1.0				19.0	14.0	66.0	176.0	25.0	14.0	19.0	28.0	16.0	12.0	14.0	33.0	9.0	93.0	257.0	189.0	219.0	190.0	236.0	177.0	2.0
Cetobacterium	20.0		1.0	2.0								22.0								1.0		14.0	27.0	16.0	15.0	3.0	13.0	5.0	
Ilyobacter	6.0			2.0								2.0										1.0	8.0	7.0	14.0	4.0	7.0	5.0	
Sebaldella	20.0											1.0										1.0	4.0	3.0	8.0	3.0	1.0		
Leptotrichia	9.0	4.0		2.0			1.0					13.0		1.0								8.0	46.0	36.0	39.0	28.0	15.0	5.0	
Pseudoleptotrichia	7.0		1.0									4.0										3.0	4.0	1.0	2.0				
Streptobacillus	3.0						1.0					3.0										5.0		1.0	3.0	2.0			
Sneathia	1.0			1.0								1.0										1.0	1.0	1.0	2.0				
Haliovirga	3.0	1.0		2.0					5.0		3.0	1.0	6.0		4.0		4.0					1.0	135.0	1.0	4.0	1.0	2.0	4.0	
Treponema	25.0											15.0				1.0	1.0			1.0		8.0	8.0	2.0	5.0			1.0	
Sphaerochaeta	24.0	1.0	1.0		1.0		1.0			2.0		1.0										11.0	66.0	403.0	751.0	277.0	74.0	3.0	
Breznakiella	1.0																												
Leadbettera	1.0																												
Brachyspira	12.0	4.0		6.0						1.0		24.0										11.0	23.0	25.0	47.0	22.0	28.0	15.0	1.0
Leptospira	8.0											1.0										3.0							
Akkermansia	36.0									2.0		4.0	1.0						1.0			6.0			2.0		2.0		
Verrucomicrobium	1.0																												
Candidatus Pelagisphaera	3.0	1.0	6.0			2.0		1.0		2.0	1.0	5.0	2.0	3.0	1.0	10.0	1.0	1.0	2.0	2.0	3.0	2.0	6.0	5.0			6.0	1.0	5.0
Gimesia	2.0																					1.0							
Chlamydia	1.0																												
Oceanotoga	5.0	3.0		3.0								4.0		1.0								3.0	4.0	4.0	3.0	6.0	9.0	5.0	
Tepiditoga	2.0																									1.0	1.0		
Thermosipho	3.0	4.0	1.0	7.0								13.0			1.0							9.0	21.0	12.0	18.0	12.0	26.0	28.0	
Cloacibacillus	2.0																												
Aminomonas	1.0																												
Thermanaerovibrio	1.0																												
Fretibacterium	4.0																												
Paludibaculum	7.0											6.0											1.0						
Chloracidobacterium	1.0																												
Candidatus Nanosynbacter	2.0																												
Candidatus Saccharimonas	5.0																												
Anaeromyxobacter	4.0																												
Chondromyces	2.0											1.0																	
Haliangium	6.0																												
Micavibrio	2.0																												
Bdellovibrio	1.0																												
Bacteriovorax	1.0																												
Desulfurispirillum	1.0						2.0		1.0		2.0	1.0	1.0	2.0		2.0				2.0		4.0			1.0				
Denitrovibrio	1.0																												
Hydrogenobaculum	1.0	2.0		1.0								2.0											3.0	3.0	4.0	9.0	8.0		
Thermodesulfovibrio	1.0	1.0		2.0								2.0										3.0	3.0	4.0	6.0	7.0	9.0	9.0	
Homo	176.0	34.0	29.0	34.0	70.0	42.0	45.0	43.0	76.0	50.0	47.0	113.0	244.0	158.0	77.0	44.0	70.0	118.0	60.0	267.0	187.0	110.0	120.0	80.0	468.0	128.0	212.0	149.0	140.0
Methanobrevibacter	22.0			1.0								1.0										1.0	1.0		2.0	1.0			
Methanobacterium	3.0			1.0																								1.0	
Methanosphaera	2.0																												
Methanococcus	2.0											3.0	1.0											1.0	2.0				
Methanocaldococcus	1.0																						1.0		1.0				
Methanothrix	4.0																												
Methanolobus	1.0																												
Methanohalobium	1.0											2.0																	
Pyrobaculum	1.0											1.0										1.0		4.0	5.0	3.0			
Nitrosarchaeum	2.0																						6.0	3.0	1.0				
Candidatus Prometheoarchaeum	1.0																												
Musicola		5.0	13.0	2.0	46.0	3.0	1.0	1.0	3.0		1.0	4.0			1.0			17.0				22.0	1.0	29.0			1.0	1.0	
Paraglaciecola		1.0	1.0		1.0							1.0																	
Glaesserella		6.0	14.0		9.0	1.0	1.0	2.0				5.0										2.0				2.0		1.0	
Congregibacter		1.0	2.0																										
Methylibium		2.0																						1.0					
Eikenella		1.0	1.0																			2.0							
Microvirga		31.0	21.0	186.0	16.0	8.0	4.0	1.0	1.0					2.0	1.0								1.0		83.0	72.0	398.0	549.0	2.0
Aureimonas		2.0	4.0		1.0		1.0		4.0																				
Mariluticola		1.0	2.0	1.0	1.0	1.0	1.0																						
Candidatus Puniceispirillum		1.0				1.0						1.0	1.0		1.0	1.0					1.0			1.0					
Iocasia		3.0		6.0								13.0										5.0	13.0	22.0	19.0	19.0	17.0	16.0	
Aceticella		2.0																				3.0	4.0	3.0	4.0	4.0	9.0	1.0	
Shouchella		2.0	3.0	1.0																					6.0				
Stanieria		4.0		6.0								4.0										1.0	8.0	3.0	14.0	12.0	10.0	15.0	
Dermatobacter		3.0																											
Ilumatobacter		1.0																		1.0									
Ureaplasma		2.0																					1.0	2.0		1.0	3.0	1.0	
Hujiaoplasma		2.0																					2.0					2.0	
Turneriella		5.0																		1.0							86.0		
Thermosulfidibacter		1.0																							1.0	2.0	1.0	1.0	
Natrialba		3.0	1.0		1.0							2.0											1.0				1.0		
Methanosarcina		1.0										2.0							1.0							1.0		2.0	
Candidatus Regiella			4.0																11.0										
Moritella			1.0																	1.0		1.0	2.0						
Tahibacter			2.0			1.0																2.0	2.0	1.0			1.0		
Thiorhodovibrio			1.0		1.0																								
Candidatus Thiodiazotropha			1.0																										
Ramlibacter			1.0			1.0							1.0	1.0								1.0	10.0	3.0				1.0	1.0
Aquabacterium			1.0							1.0													1.0				1.0		
Roseovarius			1.0										5.0	4.0			1.0											2.0	
Caenibius			1.0												1.0														
Kordiimonas			1.0																						1.0	1.0	2.0		
Anabaena			2.0																										
Pseudanabaena			1.0									3.0											1.0				2.0	4.0	
Iamia			4.0																										
Pelolinea			1.0																				2.0	5.0	8.0	4.0			
Coraliomargarita			1.0													1.0													
Symmachiella			1.0																										
Catenovulum				2.0	2.0		2.0	9.0	2.0		9.0	2.0	7.0	3.0	4.0	1.0	2.0				15.0	1.0	10.0	7.0	12.0	9.0	14.0	13.0	21.0
Grimontia				2.0								1.0				1.0		1.0				1.0							
Pulveribacter				3.0	2.0							3.0											34.0	4.0			2.0	4.0	
Tepidimonas				1.0						1.0															1.0		1.0		
Labrenzia				1.0																									
Blastomonas				1.0																	1.0								
Croceicoccus				1.0									2.0												1.0				
Dolosigranulum				2.0								1.0						1.0				5.0	2.0	1.0	1.0	1.0		2.0	
Facklamia				12.0								3.0												3.0	2.0			5.0	
Tumebacillus				1.0	1.0																								
Chamaesiphon				1.0																									
Thermotoga				1.0																					1.0	1.0	1.0	1.0	
Athalassotoga				6.0								17.0																33.0	
Desulfonema				3.0					1.0													1.0	4.0				5.0		
Nitrospira				1.0																		1.0		1.0	2.0				
Nitrosopumilus				2.0									1.0				2.0				1.0	1.0					1.0	1.0	1.0
Glaciecola					1.0																								
Agarilytica					1.0												1.0												
Kineobactrum					1.0																								
Caballeronia					1.0			1.0	2.0	2.0	3.0		7.0		2.0	4.0	7.0	3.0	3.0	3.0	1.0	2.0	5.0	3.0					
Paralcaligenes					1.0																		1.0	1.0				1.0	
Rhizobacter					1.0							1.0											1.0						
Dietzia					1.0		1.0						1.0		1.0	1.0	1.0	1.0	3.0				2.0	6.0					
Nostoc					1.0																	2.0							
Candidatus Arcticimaribacter					3.0																3.0				2.0				
Dictyoglomus					1.0							1.0																	
Candidatus Palibaumannia						1.0			1.0						1.0				1.0							1.0			
Pseudosulfitobacter						2.0		5.0								2.0							1.0						1.0
Nguyenibacter						1.0																							
Kribbella						1.0					1.0																1.0		
Clavibacter						2.0																						1.0	
Citricoccus						4.0																							
Dermacoccus						2.0		2.0		1.0	1.0			1.0						5.0		3.0			1.0				1.0
Pragia							1.0						1.0	1.0		1.0							1.0	1.0		1.0	1.0	1.0	
Aliiglaciecola							1.0													1.0		1.0							
Rothia							1.0	1.0											1.0	1.0		1.0			4.0				
Hippea							9.0																		94.0	82.0			
Izhakiella								4.0																					
Inhella								1.0				1.0											4.0				1.0		
Methylocystis								1.0														1.0							
Oscillatoria								1.0																					
Methanoregula								1.0																				2.0	
Candidatus Purcelliella									5.0																				
Tsuneonella									1.0																				
Sagittula									2.0																				
Epidermidibacterium									1.0																				
Blastococcus									1.0																				
Candidatus Hoaglandella										8.0		5.0	10.0	12.0	4.0	15.0	14.0	11.0		4.0	4.0				1.0	1.0		1.0	
Fluoribacter										4.0	6.0		3.0	16.0		1.0	7.0	5.0	4.0	6.0	2.0								
Cycloclasticus										1.0		1.0										1.0	1.0						
Thioclava										1.0													1.0			1.0			
Aliiroseovarius										1.0						1.0	1.0					1.0		1.0					
Candidatus Fonsibacter										1.0									1.0		1.0		1.0		2.0	1.0		1.0	
Parolsenella										2.0															1.0			1.0	
Friedmanniella										4.0								1.0											
Cryobacterium										1.0												1.0							
Tichowtungia										1.0																			1.0
Sulfurihydrogenibium										1.0																			
Litorilituus											3.0	1.0								1.0		1.0	2.0		1.0				1.0
Salipiger											1.0																		
Parvularcula											1.0													1.0	1.0	1.0		1.0	
Hylemonella											1.0												8.0		2.0			1.0	
Aquirhabdus												1.0																	
Permianibacter												1.0					1.0				1.0								
Pseudohongiella												1.0																	
Saccharobesus												1.0																1.0	
Psychrosphaera												1.0																	
Thalassomonas												1.0											3.0						
Luteimonas												1.0																	
Dyella												1.0																	
Luteibacter												1.0		6.0								1.0		1.0					
Aerosticca												1.0											2.0						
Kushneria												2.0																	
Halotalea												1.0											1.0					1.0	
Neptuniibacter												1.0																	
Bacterioplanes												1.0																	
Gynuella												2.0																	
Reinekea												1.0																	
Pleionea												1.0													1.0			1.0	
Granulosicoccus												1.0																	
Rodentibacter												1.0																	
Piscirickettsia												1.0																	
Allofrancisella												3.0											4.0	1.0	2.0				
Thiohalobacter												1.0			1.0													1.0	
Conchiformibius												1.0														1.0			
Wielerella												1.0										1.0							
Duganella												1.0											3.0	1.0					
Lautropia												1.0											1.0						
Advenella												3.0										3.0	1.0			1.0	1.0		
Paenalcaligenes												2.0																	
Oligella												1.0										1.0			1.0	2.0			
Castellaniella												1.0																	
Niveibacterium												4.0										1.0							
Ferrigenium												2.0																	
Qingshengfaniella												1.0																	
Cereibacter												1.0																	
Thalassovita												1.0				1.0													
Celeribacter												1.0													1.0				
Ensifer												1.0																	1.0
Rhodopseudomonas												2.0										1.0	3.0						
Roseibium												2.0																	
Labrys												3.0																	
Rhodospirillum												2.0										2.0							
Granulibacter												1.0																	
Paramagnetospirillum												24.0											8.0						
Elioraea												1.0										2.0							
Haematospirillum												1.0																	
Sphingorhabdus												1.0												1.0					
Hyphomonas												1.0																	
Magnetococcus												1.0																	
Secundilactobacillus												5.0																	
Abiotrophia												1.0					3.0								1.0				
Amphibacillus												5.0										1.0	1.0	1.0		4.0	6.0	4.0	
Radiobacillus												4.0																	
Pradoshia												4.0											2.0		2.0				
Sutcliffiella												2.0																	
Gottfriedia												2.0											2.0	1.0	8.0	5.0			
Aeribacillus												104.0												1.0					
Desulfotomaculum												2.0											4.0	5.0	8.0	5.0			
Thermincola												1.0												4.0	5.0		1.0		
Halothermothrix												2.0										1.0	4.0	8.0	6.0	1.0			
Thermosediminibacter												1.0											1.0		3.0				
Gloeomargarita												2.0										1.0					1.0	3.0	
Thermoleptolyngbya												1.0																	
Leptolyngbya												1.0												1.0					
Leucobacter												1.0						1.0											
Aurantimicrobium												1.0																	
Sanguibacter												2.0											4.0						
Flaviflexus												2.0																	1.0
Protofrankia												1.0										1.0	1.0						
Metamycoplasma												1.0											9.0	8.0	8.0				
Flaviramulus												4.0																	
Oceanihabitans												8.0											14.0						
Aggregatimonas												1.0																	
Aegicerativicinus												6.0										6.0							
Aurantibacillus												1.0										1.0		1.0					
Emticicia												2.0										1.0							
Larkinella												1.0																	
Chondrinema												3.0																	
Chloroherpeton												1.0																	
Cyclonatronum												10.0										9.0							
Caminibacter												1.0																	
Thermodesulfomicrobium												1.0										1.0							
Desulfoluna												1.0																	
Geoalkalibacter												1.0										4.0							
Thermodesulfobacterium												1.0											1.0		1.0	2.0	2.0	4.0	
Fervidobacterium												1.0																	
Methylacidiphilum (ex Ratnadevi et al. 2023)												1.0																	
Botrimarina												1.0																	
Singulisphaera												1.0																	
Phycisphaera												1.0																	
Holophaga												1.0																	
Archangium												1.0																	
Vulgatibacter												1.0																	
Desulfurobacterium												1.0																	
Aminithiophilus												1.0																	
Acetomicrobium												1.0																	
Pyramidobacter												1.0										1.0							
Thermodesulfobium												1.0												1.0		1.0		1.0	
Mucispirillum												1.0															2.0		
Dissulfurimicrobium												1.0																	
Natrinema												1.0																	
Thermococcus												1.0																	
Candidatus Nitrosopelagicus												1.0		1.0		1.0						2.0			1.0		1.0		1.0
Candidatus Profftia													1.0					1.0					1.0		1.0				
Candidatus Fukatsuia													1.0														1.0		
Endozoicomonas													1.0				1.0					5.0					1.0		
Candidatus Trichorickettsia													1.0																
Roseivirga													1.0																
Curtobacterium													1.0					1.0							1.0				
Agromyces													1.0																
Synechocystis													1.0																
Roseimaritima													1.0																
Desulfuromusa													1.0									1.0							
Candidatus Aciduliprofundum													1.0									51.0	104.0	76.0	137.0	45.0			
Wohlfahrtiimonas														1.0															
Guyparkeria														1.0	1.0		1.0												
Pelagerythrobacter														1.0															
Brachybacterium														3.0								4.0							
Fastidiosipila														1.0															
Luteolibacter														1.0								1.0							
Lentisphaera														3.0		4.0			2.0		3.0								
Psychromonas															1.0														
Candidatus Portiera															1.0														
Paradevosia															1.0														
Hydrogenophilus															1.0														
Flocculibacter																1.0	1.0	1.0				1.0							
Marinimicrobium																1.0					1.0	2.0							
Slackia																1.0													
Actinoplanes																1.0				1.0		1.0							
Pseudalgibacter																3.0													
Polyangium																1.0													
Gallibacterium																	1.0		1.0				1.0			1.0		1.0	
Luteithermobacter																	1.0		1.0										
Acaryochloris																	2.0												2.0
Pleurocapsa																	1.0								1.0				
Leptospirillum																	1.0												
Candidatus Blochmanniella																		3.0						1.0					
Ectothiorhodosinus																		1.0											
Ancylobacter																		1.0				2.0							
Hoyosella																		1.0											
Modestobacter																		2.0								2.0			
Pirellula																		1.0				1.0							
Candidatus Chazhemtobacterium																		1.0											
Candidatus Riesia																			1.0	1.0									
Candidatus Ishikawella																			1.0						1.0				
Aequoribacter																			1.0										
Gymnodinialimonas																			1.0										
Octadecabacter																				1.0					1.0				
Phenylobacterium																				1.0									
Cellulosimicrobium																				1.0									
Neoasaia																					1.0								
Ehrlichia																					1.0			2.0					
Cellulomonas																					1.0	2.0							
Saccharomonospora																					1.0								
Ketobacter																						1.0							
Saliniradius																						1.0							
Ahniella																						1.0							
Nitrincola																						1.0	1.0		2.0		1.0		
Spartinivicinus																						1.0							
Thiocystis																						1.0	1.0						
Thiodictyon																						1.0							
Simiduia																						1.0							
Cardiobacterium																						1.0							
Silvimonas																						2.0							
Chitinolyticbacter																						2.0							
Robbsia																						1.0					1.0		
Herminiimonas																						3.0					1.0		
Pelistega																						1.0							
Rubrivivax																						1.0							
Pseudazoarcus																						1.0	1.0						
Sulfuritalea																						1.0							
Rhodovulum																						1.0							
Pacificitalea																						1.0							
Ketogulonicigenium																						4.0							
Pseudolabrys																						1.0							
Jiella																						1.0							
Acidiphilium																						2.0							
Kozakia																						3.0							
Nitrospirillum																						1.0							
Indioceanicola																						1.0							
Thalassobaculum																						2.0	1.0						
Croceibacterium																						2.0							
Aurantiacibacter																						1.0							
Porphyrobacter																						3.0							
Candidatus Lariskella																						1.0							
Urechidicola																						14.0	23.0						
Parvicella																						1.0							
Belliella																						3.0							
Furfurilactobacillus																						1.0							
Pontibacillus																						2.0		1.0	1.0		1.0		
Terribacillus																						1.0							
Evansella																						1.0	2.0						
Halobacillus																						1.0	1.0	3.0	15.0				
Allobacillus																						1.0			2.0				
Thermaerobacter																						1.0							
Halobacteroides																						1.0	1.0					2.0	
Thermacetogenium																						9.0							
Allobaculum																						1.0							
Richelia																						3.0	9.0						
Tolypothrix																						1.0			2.0				
Ruania																						1.0							
Saccharopolyspora																						1.0							
Acholeplasma																						1.0	1.0	2.0	1.0	2.0	1.0	2.0	
Capsulimonas																						1.0							
Desulfogranum																						1.0	1.0						
Thermospira																						24.0							
Marinitoga																						1.0	2.0		3.0		1.0	1.0	
Thalassoglobus																						1.0							
Tautonia																						1.0							
Occallatibacter																						1.0							
Geothrix																						1.0							
Persicimonas																						1.0							
Candidatus Westeberhardia																							3.0						
Thiopseudomonas																							1.0			1.0	1.0		
Hydrocarboniclastica																							1.0						
Paraphotobacterium																							1.0		1.0				
Aquicella																							1.0						
Neptunomonas																							8.0	1.0					
Thiocapsa																							1.0						
Candidatus Ruthturnera																							1.0		1.0				
Telluria																							1.0						
Eleftheria																							1.0						
Snodgrassella																							1.0		1.0				
Mameliella																							1.0						
Roseibacterium																							1.0						
Starkeya																							1.0						
Blastochloris																							1.0						
Allosphingosinicella																							1.0						
Polymorphobacter																							1.0						
Terricaulis																							1.0						
Rossellomorea																							3.0		3.0				
Halalkalibacter																							5.0						
Mangrovibacillus																							3.0	2.0	7.0				
Koleobacter																							1.0		2.0		2.0	1.0	
Murdochiella																							8.0						
Allocoprobacillus																							1.0	1.0	1.0				
Planktothrix																							1.0						
Cylindrospermopsis																							1.0						
Amycolatopsis																							2.0	1.0					
Dactylosporangium																							1.0						
Aquihabitans																							2.0						
Weeksella																							2.0						2.0
Zobellia																							2.0						
Rufibacter																							1.0						
Saprospira																							2.0		1.0				
Rhodocaloribacter																							11.0						
Borreliella																							2.0			1.0			
Thiospirochaeta																							1.0		2.0				
Lawsonia																							1.0						
Desulfobaculum																							1.0						
Haloferula																							1.0						
Hydrogenovibrio																								2.0					
Limnobacter																								2.0	1.0				
Parasphingopyxis																								1.0					
Rhizorhabdus																								1.0	4.0				
Rippkaea																								1.0		2.0		1.0	
Chroococcidiopsis																								1.0					
Mesoplasma																								6.0					
Arcticibacterium																								1.0		1.0			
Chlorobaculum																								2.0	1.0				
Pseudothermotoga																								1.0	2.0		2.0		
Aureliella																								3.0	2.0				
Thermotomaculum																								2.0					
Halobacteriovorax																								1.0					
Acidianus																								2.0		1.0	3.0	1.0	
Pontibrevibacter																									1.0				
Antarctobacter																									1.0				
Nitratireductor																									2.0				
Pseudorhizobium																									2.0				
Ferrovibrio																									1.0				
Ignavigranum																									1.0				
Natranaerofaba																									3.0	1.0			
Lawsonella																									4.0				
Stackebrandtia																									1.0				
Olleya																									3.0				
Psychroserpens																									4.0		16.0		
Dethiosulfovibrio																									1.0				
Terriglobus																									1.0				
Methanospirillum																									3.0				
Wigglesworthia																										2.0		1.0	
Candidatus Nitrosacidococcus																										1.0			
Falsirhodobacter																										1.0			
Tateyamaria																										1.0			
Alloyangia																										1.0			
Roseivivax																										3.0			
Sediminibacillus																										2.0	2.0		
Sporolactobacillus																										1.0			
Pseudonocardia																										1.0			
Aureibacter																										2.0			
Atribacter																										1.0			
Fluviispira																										1.0			
Actibacterium																											4.0		
Kytococcus																											1.0		
Gloeocapsopsis																											3.0		
Sphaerospermopsis																											1.0		
Petrotoga																											1.0		
Candidatus Zinderia																												1.0	
Candidatus Midichloria																												2.0	
Syntrophomonas																												1.0	
Viridibacillus																												7.0	
Chlorobium																												1.0	
Blastopirellula																												2.0	
Kiritimatiella																												1.0	
